"","x"
"1",-1.14589178040716
"2",0.0886132091657554
"3",4.07865643089105
"4",4.24533162523391
"5",1.37598285882135
"6",-6.90502916012332
"7",-0.865057297600869
"8",0.778887537852757
"9",-1.38891121606672
"10",1.12995552539332
"11",1.45862731943653
"12",-1.37223422551012
"13",0.945430333912789
"14",-2.86353621909718
"15",0.439175058097918
"16",0.959449139376067
"17",2.5708356710207
"18",1.51136378100483
"19",-2.61728743040233
"20",1.78046246335066
"21",1.16960397631911
"22",1.3201511858536
"23",-2.91080841580706
"24",-1.4449890181059
"25",1.36056520557784
"26",1.84105618431798
"27",-0.832644277655348
"28",-0.755353990090946
"29",-0.42211966436243
"30",-1.53455696746603
"31",-0.776200533548899
"32",1.46113471810638
"33",1.01868453069929
"34",0.757260665396498
"35",-3.49715808420794
"36",-2.01672771061747
"37",-1.69722698432819
"38",3.1917602968305
"39",-0.964496735918186
"40",0.527241994657279
"41",-0.791909109894773
"42",3.64307416249137
"43",-0.426803891597327
"44",2.45048172033262
"45",-1.25999146970077
"46",-0.0845666012343482
"47",-2.05135398331029
"48",-1.47893082708648
"49",-3.11551677797954
"50",1.70331325562403
"51",-3.34418872226325
"52",-2.13663492723626
"53",2.77795641070755
"54",0.999553983167933
"55",1.25787822068597
"56",-2.8987536873252
"57",0.366972888896244
"58",2.08435275893688
"59",-1.17276941813595
"60",0.633199763750714
"61",3.97754597176778
"62",0.77687054506197
"63",2.29504335869106
"64",2.07907696690737
"65",1.95605258544935
"66",3.95621213100452
"67",-2.19616669742679
"68",-1.6793677365837
"69",1.91699161077201
"70",0
"71",0
"72",-0.555336611655521
"73",-2.00890644967822
"74",-3.04926797278542
"75",-1.68780377873516
"76",-0.0851426190217719
"77",2.35701147071112
"78",-5.55936213446171
"79",-0.0879894469439257
"80",-0.529568757471033
"81",0.265134932162026
"82",0
"83",-3.502827804608
"84",-1.10295235754996
"85",-1.20875483813818
"86",2.40307312255559
"87",-1.10193952496105
"88",-0.184842936178242
"89",-3.38696532402967
"90",3.66410176006799
"91",-3.3774317118604
"92",2.07750625749643
"93",-1.50661983546443
"94",1.78660135293911
"95",-2.07163717537475
"96",-3.19021737664831
"97",1.26892869064923
"98",3.24455941265653
"99",-0.943403223335881
"100",0.283956650807804
"101",0.847063888350874
"102",0.5607491328945
"103",1.57192325924909
"104",1.2762251613851
"105",0.271370587159669
"106",-0.361991345513468
"107",-2.38543420971138
"108",0.185528810174596
"109",-0.27842245364047
"110",2.47832785317725
"111",1.35076344615421
"112",0.979091043461722
"113",-1.42732128741168
"114",-0.179856163591507
"115",-2.00006667066694
"116",-1.57337813022131
"117",1.29751588631333
"118",0.183992692200752
"119",-2.23057575142982
"120",-0.754720563538314
"121",0.754720563538314
"122",-0.84946239914232
"123",0.943403223335881
"124",1.58363812629014
"125",0.184672259316443
"126",1.1921278275639
"127",0.636076656180995
"128",-0.0906207583537988
"129",-1.09390334204318
"130",-1.94360583771189
"131",-0.187090793581168
"132",-2.27282510775559
"133",-2.22769502779183
"134",-1.57949976714895
"135",0.792868375550704
"136",-2.80298630765943
"137",-0.406918160672598
"138",-1.43739641120688
"139",-1.56334606619288
"140",1.14883770067604
"141",-3.48688256508241
"142",2.86188053056526
"143",2.37491802116634
"144",-3.63676441708751
"145",-0.743497848751806
"146",-4.02446913978869
"147",0.442968609158845
"148",-1.2229168526412
"149",2.43105895006162
"150",-0.767127049665151
"151",-1.88789615974696
"152",-0.224466985382366
"153",-5.07021031199621
"154",1.29185589915566
"155",-4.04817179207102
"156",-0.976808743620694
"157",2.30452891178841
"158",-3.16713438376515
"159",-3.52681388374578
"160",0.63897980987706
"161",3.99553770775944
"162",0.366524539829616
"163",2.05197302311766
"164",0.238663597773092
"165",-1.56159329462282
"166",2.74644127903692
"167",-0.709222830949185
"168",-1.31345171806467
"169",1.90481949706944
"170",-0.354400843472957
"171",-1.07080142724718
"172",-4.40168854167746
"173",2.10273671920755
"174",-0.490798531219205
"175",-4.01559597081245
"176",2.02795289505291
"177",-0.251256413588319
"178",-1.64873741090208
"179",0.382897723709696
"180",4.96996685522726
"181",2.63173083173736
"182",-1.1876624162579
"183",-0.599162966826672
"184",1.66869187850147
"185",0.353982670512387
"186",1.40353181163833
"187",1.84124879444525
"188",-3.12706428878209
"189",-1.66077363996604
"190",0.596304688824612
"191",-1.9208273638267
"192",0
"193",0.72464085207673
"194",-1.08893997992681
"195",3.23187912551672
"196",2.78763695282551
"197",0.228833051801214
"198",0
"199",0.114220457877678
"200",-2.19281723386113
"201",-1.17372239457256
"202",-2.75301647425827
"203",2.51660974477019
"204",-1.55041865359649
"205",-0.361228568591399
"206",-0.847976007911466
"207",1.32932471106626
"208",-0.722894714315148
"209",0.962702982716435
"210",0
"211",-2.54713588483151
"212",0.245398896156646
"213",2.181904739464
"214",1.66472334331562
"215",0.705055799666665
"216",-1.05945664313962
"217",1.05945664313962
"218",0.932407687512304
"219",-1.40189211793307
"220",1.40189211793307
"221",0.347423626818655
"222",-1.39699594402005
"223",-0.352319800731671
"224",0.58651194523982
"225",0.233644966101965
"226",1.04469899646551
"227",-0.928080907447271
"228",4.22196187868931
"229",0.557104504945549
"230",-0.111172885269051
"231",-1.45660838665393
"232",-1.93738253396889
"233",-2.210677578103
"234",-0.589972212718859
"235",0.236406729488081
"236",-0.710903467910651
"237",-0.955801780610521
"238",0.119976019190426
"239",1.07335556431085
"240",0.709222830949185
"241",-0.946752633839942
"242",0.710903467910651
"243",-1.78682538308457
"244",-2.92703823001133
"245",0.862605471976741
"246",0.245098161913981
"247",-0.122473989589578
"248",0.85418457129629
"249",-0.121580562088974
"250",-3.08857162659648
"251",-0.882173332914782
"252",0.252844635335858
"253",1.25472160520883
"254",-0.750942202213123
"255",0
"256",-0.630121807672923
"257",0.630121807672923
"258",-0.125707119005103
"259",0.376648279547664
"260",0
"261",1.73917427118693
"262",-1.73917427118693
"263",-1.00756519887413
"264",0.252844635335858
"265",0.378072283990605
"266",0.125707119005103
"267",-3.19108122810534
"268",-3.02853955888525
"269",0.931477127454761
"270",0.264550418842413
"271",-0.92900469070929
"272",-1.74853143410194
"273",0.135593241113585
"274",-1.9152432214756
"275",-0.832182333749221
"276",-2.53892340048196
"277",-0.716848947861237
"278",1.85322481289276
"279",0.703732672057611
"280",-1.55480163884849
"281",1.41445073861648
"282",1.67134809737406
"283",-1.25088496917087
"284",-2.83706971292155
"285",1.99436809673352
"286",1.95536956266373
"287",3.66639843715912
"288",0.266311741948355
"289",-0.935210557027988
"290",1.46571577999732
"291",2.2237672407889
"292",-0.388853373969233
"293",-1.96727655987048
"294",-1.33335308694651
"295",0.802143338457517
"296",2.23840813835374
"297",2.18939846347359
"298",-0.127469743200059
"299",2.02027073175195
"300",0.871194060202152
"301",-2.38255784120693
"302",0.50633019565467
"303",1.00503358535011
"304",-2.91713773002797
"305",-0.904983551991778
"306",-0.651468102119379
"307",0.130633591405571
"308",-0.523561405394535
"309",-0.790517950711322
"310",0.527705710084359
"311",0
"312",-1.45794497631568
"313",-1.61510913278831
"314",-0.271739297650009
"315",-1.50791068271201
"316",0.275862243907965
"317",0.959568706185543
"318",0.272479732618502
"319",1.35137191667232
"320",0
"321",0
"322",-1.89707586297811
"323",0.545703946305798
"324",0.677968698537912
"325",0.404585851954353
"326",-1.76515105753223
"327",-1.24053968574878
"328",1.78698913295665
"329",0.678889233368629
"330",1.07672641846155
"331",-1.21213605323449
"332",-0.543479598595686
"333",-0.409556886473705
"334",-0.824180489510384
"335",-3.50913198112701
"336",-2.31224174208542
"337",0.146092063967473
"338",0.727275932908
"339",0.722024797348708
"340",0
"341",1.99436809673352
"342",-2.42695709144578
"343",-1.30910960468795
"344",-3.5771325068283
"345",-2.45788102648878
"346",2.3060207087698
"347",0.454890852636902
"348",0.753583068870278
"349",4.11822899664154
"350",1.57258423054643
"351",0
"352",-2.29565317986102
"353",-0.874641144286836
"354",1.0196738020515
"355",3.13863138206707
"356",-0.28129413766147
"357",-0.423430413878845
"358",3.06430661120856
"359",-0.412371718386217
"360",0
"361",0.412371718386217
"362",-2.07907696690739
"363",-1.98026272961798
"364",1.69975763685712
"365",1.11733005981252
"366",-1.39862419747399
"367",0.28129413766147
"368",1.5331310746789
"369",2.99749962207949
"370",0.935210557027988
"371",-3.38098464163203
"372",0.685403642779225
"373",0.136518792534002
"374",0
"375",5.05426716766781
"376",-1.04303422788727
"377",0.261780254207888
"378",-1.58106060266423
"379",2.10257417057504
"380",0.259740405768571
"381",-1.04303422788727
"382",-0.262467342277084
"383",2.08069925059613
"384",2.29017642866847
"385",-3.45523815066597
"386",-1.57483569681394
"387",1.05264129869873
"388",1.42952401868266
"389",-0.387847932857088
"390",0.387847932857088
"391",-0.129115576361949
"392",0.258064659349122
"393",0.12878301844288
"394",-3.13751225677539
"395",3.90674681909098
"396",3.26662210676885
"397",-0.247524878854311
"398",0.371057939653596
"399",3.51764588007217
"400",0.238095350574152
"401",-1.19618651174997
"402",2.61297526362307
"403",0.117164629689093
"404",0.233918235317221
"405",-1.53034181398866
"406",-2.27964280923838
"407",1.32611949413839
"408",-2.54713588483151
"409",-0.616144894404869
"410",0.493219248931887
"411",-0.988883212924696
"412",2.8170876966696
"413",-0.120845936156844
"414",-1.95366409082784
"415",-2.87699642575334
"416",0
"417",1.01010959865038
"418",1.99011543172949
"419",-4.27738159832862
"420",-1.03360093306621
"421",-0.260078170005729
"422",-1.44264797102234
"423",2.60770969301984
"424",1.53259704782269
"425",1.25946249204003
"426",0.125078190165251
"427",0.12492194004321
"428",-0.751883241402718
"429",-0.757579380845774
"430",-2.43758059981447
"431",0.129785871560006
"432",-1.43699402829531
"433",-0.395517984292759
"434",-0.662692948760935
"435",-0.533334597536239
"436",0.931477127454761
"437",2.22668007757512
"438",1.66991677576322
"439",0.887767403201778
"440",1.75223506922024
"441",-0.248447332766233
"442",-0.373832211060687
"443",-1.12995552539332
"444",-0.126342404677215
"445",0.252525386719427
"446",0.878850603307901
"447",-0.125078190165251
"448",-1.13280003052072
"449",-1.91699161077206
"450",-0.129115576361949
"451",2.80273122546557
"452",-2.41588354767357
"453",2.79205953986272
"454",-0.125234831646592
"455",2.47537391529384
"456",1.69701042184616
"457",2.25796877521653
"458",-2.49864277827303
"459",-1.94653347881033
"460",0.122774723832242
"461",0.122624172324404
"462",1.21804185568712
"463",-2.32711052510295
"464",-0.4968954323187
"465",1.60596410173452
"466",-0.245398896156646
"467",-0.369231188712771
"468",-3.25843363330045
"469",0.63492276786592
"470",0.50505157860683
"471",0.502513620267298
"472",-0.628537581496058
"473",0.126023961228761
"474",-3.72076274205999
"475",-0.655740054615928
"476",2.59754864032611
"477",0
"478",0.766287274556898
"479",3.0077455237278
"480",-0.247218914538916
"481",0.985229644301144
"482",-1.10906866941582
"483",1.47604155831207
"484",0.972061117062184
"485",2.03477995722658
"486",-0.356083462300916
"487",-1.55785055876883
"488",-1.70527883827192
"489",-2.36182513482084
"490",0.626961301359508
"491",-1.00503358535011
"492",-1.78348676360343
"493",0.38486256612944
"494",-0.256410396893791
"495",-0.385852568752965
"496",0.257400399517316
"497",-0.903815061506208
"498",-1.43699402829531
"499",3.23652845020317
"500",1.13997434647275
"501",-2.68044126597138
"502",1.79491998299812
"503",-1.40757282341846
"504",1.15311975991896
"505",-0.895719360401648
"506",0.768249617201588
"507",-2.19222189831516
"508",0.649774865751995
"509",0.387847932857088
"510",1.02696666374564
"511",0.255102179160493
"512",-1.15311975991896
"513",1.53455696746607
"514",-0.764334931256805
"515",-0.256082086167364
"516",0
"517",0
"518",-0.256739550524587
"519",0
"520",-0.644747559096981
"521",0.258398076592492
"522",0.257732101430053
"523",2.91713773002797
"524",2.34723561851422
"525",2.76959303892572
"526",-0.834828939147103
"527",-1.44755241737857
"528",0.605695370818982
"529",0
"530",-1.58250411443968
"531",0.122624172324404
"532",-1.98026272961798
"533",-1.76549352387205
"534",1.6404153337068
"535",-4.74143900796284
"536",2.20644901841021
"537",1.27552749751261
"538",0.126662461519311
"539",0.630916919326463
"540",-1.26583968719238
"541",-0.127469743200059
"542",-1.15459909970608
"543",0.128949082987173
"544",-1.16657188159626
"545",-0.522877008279909
"546",1.68944888987617
"547",1.91454475844353
"548",1.13137599002733
"549",0.623054975063653
"550",-0.873367996875496
"551",0.250313021811843
"552",0.995033085316832
"553",1.47422817372034
"554",-0.366524539829616
"555",0.366524539829616
"556",-0.488998529419193
"557",-0.614630084869416
"558",-1.6159456665604
"559",-0.376648279547664
"560",-0.50441468866782
"561",-0.506971935025069
"562",-1.66563748276758
"563",3.30398540781998
"564",-0.250313021811843
"565",0.125234831646592
"566",-0.376175992189154
"567",0.376175992189154
"568",-1.00629779986208
"569",0.630121807672923
"570",0.501254182354405
"571",-0.125078190165251
"572",0.374766210023969
"573",2.3414501585914
"574",1.45105327144144
"575",-0.481348703154794
"576",-0.48367688006139
"577",1.44406841547946
"578",-1.80836754332954
"579",8.28461858203191
"580",-5.52499535193256
"581",-1.1904902506318
"582",-0.841857046559591
"583",-0.605695370818982
"584",2.63804266801038
"585",0.707550121620049
"586",0.702579002440595
"587",1.50552930508492
"588",-0.460830308619409
"589",1.14811823739562
"590",-0.687287928776215
"591",-0.230149698827908
"592",-2.0955365175988
"593",1.28581549433684
"594",2.97504778818487
"595",0
"596",0
"597",-1.24788913731879
"598",3.25688527635348
"599",3.26115855887608
"600",-0.751479650248621
"601",-0.865806274311476
"602",2.68112574506567
"603",1.15729855576587
"604",0.937018828758474
"605",0.413651055177988
"606",0.206185640055878
"607",0.102933616911427
"608",-0.619197024792095
"609",1.33678083179922
"610",1.62110946280825
"611",-2.75106498820157
"612",-3.2548805038155
"613",0
"614",-3.69607288214366
"615",0.552182518430788
"616",-0.773912099295559
"617",-2.92813712507232
"618",-0.573067470898536
"619",0.114876520387375
"620",-1.85405079157426
"621",3.67435133728189
"622",-2.16532676492291
"623",1.60003413464413
"624",0.790517950711322
"625",0.112422721228089
"626",-2.73365541637505
"627",1.71727173737444
"628",2.68773177637467
"629",0.880093689504235
"630",-1.87954676200381
"631",-3.86851423112375
"632",-0.232288141613957
"633",-4.03376157265751
"634",3.56756026207639
"635",-1.05696814896876
"636",-1.78682538308457
"637",-1.20920457650286
"638",0
"639",0
"640",3.93610738805803
"641",0.466745304749505
"642",0.348634867943742
"643",1.49686156939217
"644",-0.458190950511161
"645",0.914292083267387
"646",-1.48999891227417
"647",-1.27834396256747
"648",2.4264621999631
"649",-0.57241140838884
"650",1.25500791542885
"651",0
"652",-1.25500791542885
"653",0.800461678261355
"654",0.56786069688437
"655",1.68448676982393
"656",-2.82345124625971
"657",0.343053509678892
"658",-2.77795641070755
"659",-1.65684263472325
"660",0.476191376024326
"661",0.473934536389686
"662",3.1416196233379
"663",2.15305767404068
"664",-7.08363377245611
"665",2.37823337179259
"666",-0.471143392131967
"667",-2.38959996283632
"668",-0.728158557126291
"669",0.486027688225255
"670",1.32452267500209
"671",-0.720291229405801
"672",1.90936588155797
"673",-0.355240160436798
"674",1.53034181398866
"675",-1.64903618994154
"676",-1.67668598570669
"677",1.67668598570669
"678",-0.476191376024326
"679",-0.358637563122777
"680",1.1904902506318
"681",2.91565842914556
"682",1.93517706609501
"683",0.786079286393493
"684",-1.46481492373347
"685",-1.48659112758294
"686",0.917437627604123
"687",-1.14811823739562
"688",0.919546709310026
"689",1.2507269352394
"690",2.01349084090561
"691",1.53849188394792
"692",0.76045993852194
"693",-0.76045993852194
"694",-0.437159166149614
"695",0
"696",-0.219298333501028
"697",0.10970928143732
"698",-0.770504637440528
"699",1.20814209742042
"700",1.40923741397083
"701",4.11233484627385
"702",0.10325246141889
"703",-0.10325246141889
"704",0.309438101474768
"705",0.411100270652254
"706",-1.44630620275548
"707",1.24096732157124
"708",0.307850422708755
"709",-2.70006018185058
"710",-0.105318598465898
"711",2.70286723879196
"712",-0.411100270652254
"713",-5.72189960348601
"714",1.94390570322223
"715",-0.428725201161972
"716",-0.646553976464181
"717",3.08699339358611
"718",-0.314960890289617
"719",0.941922191649169
"720",-0.208550649102168
"721",0.624351663968525
"722",0.414079266603151
"723",0.823049913651541
"724",2.72882015488429
"725",2.07210176375177
"726",-1.47567852458441
"727",-0.198412763504674
"728",-2.20892515464732
"729",-2.05135398331029
"730",1.03093696588612
"731",-0.411100270652254
"732",-1.76627968430383
"733",0.104766903244391
"734",-0.209643682652816
"735",-0.210084110881192
"736",0.314960890289617
"737",-1.58481922400235
"738",-1.07067403944243
"739",-0.323450416765914
"740",2.24248585398987
"741",1.57153574796283
"742",-0.835077921742
"743",-0.842110239640803
"744",-1.70579829045767
"745",-0.215285336110105
"746",2.02673603998775
"747",3.32325493444321
"748",-2.27282510775559
"749",2.17062785818629
"750",1.01730277130505
"751",-0.405680069561454
"752",1.21213605323449
"753",-0.604231445596248
"754",-0.404858852600043
"755",-2.04925203901172
"756",-0.936044275956371
"757",1.76079121895807
"758",-0.617921636595797
"759",0.206398422085119
"760",1.73739679360532
"761",0.404449489650638
"762",0.904074465214944
"763",1.2916225266546
"764",0.197238722720439
"765",0.589392668877808
"766",0.488520756604904
"767",1.73917427118693
"768",-0.383877630716567
"769",0.096107647955046
"770",0
"771",-0.868312257346071
"772",0.868312257346071
"773",0.860837453660013
"774",-0.0952834755271859
"775",0
"776",0
"777",1.04315787098157
"778",-0.378072283990605
"779",1.12995552539332
"780",0
"781",-0.187441479435035
"782",1.0266072430599
"783",0.463178225003835
"784",-1.11525319504753
"785",1.66824999599364
"786",0.549955556603843
"787",0.182648452603429
"788",2.16614967811792
"789",-0.178731057409554
"790",0.267976935711545
"791",0
"792",1.2411506843343
"793",-2.31739425651361
"794",-2.09574868564864
"795",-1.11112254250707
"796",-0.186393343806257
"797",0.186393343806257
"798",2.39201837176521
"799",0.814852856390491
"800",0.89767209615581
"801",-0.178890924272457
"802",-1.806733879397
"803",0.0911161794245441
"804",0.81633106391612
"805",-0.998646520067625
"806",-1.47061473896954
"807",10.2021614392312
"808",1.6584128015535
"809",-1.32452267500205
"810",1.2422519998557
"811",-0.412371718386195
"812",1.39518061201245
"813",-1.1475535766861
"814",1.1475535766861
"815",-0.900538218479907
"816",0.574007316106018
"817",-1.48272897624171
"818",-0.499169089724116
"819",-0.501673292959826
"820",-0.588484254024513
"821",-2.21662954572603
"822",0
"823",-1.47636203055996
"824",-0.438404910853452
"825",-0.440335365826972
"826",-0.353669687834479
"827",-0.26607554500262
"828",2.02204691491201
"829",-1.04987840982198
"830",0.61376781892073
"831",-0.262582207766737
"832",-2.84463625117088
"833",-0.0902120043137611
"834",1.61149413924062
"835",0.972168505090032
"836",0.351185611153992
"837",1.04621704069832
"838",2.06015869912179
"839",-0.51107436625597
"840",-0.0854335805915429
"841",-1.3769580723757
"842",0
"843",0.77687054506197
"844",0.171821348113665
"845",-0.775531676747843
"846",0.689657905906049
"847",-0.344234419097278
"848",0
"849",0
"850",0
"851",-0.431966114451621
"852",-0.173310268683524
"853",2.1450843942473
"854",-1.53980801111215
"855",0.772867737165805
"856",-0.5145808953404
"857",-0.603710328634177
"858",-0.0865426276428494
"859",-0.956945101615103
"860",-0.966191091173663
"861",1.83651860400382
"862",1.46239165296724
"863",1.60952225078579
"864",-2.29504335869106
"865",-1.47252552439796
"866",0
"867",-0.788440352414899
"868",-1.41720706783759
"869",2.03097488675832
"870",-0.438020849256082
"871",-0.43994791594848
"872",-0.264900817157709
"873",-0.888105304396047
"874",-1.25674903635229
"875",-0.998646520067625
"876",2.52265629456754
"877",-3.25526030377481
"878",0.823803285934233
"879",-0.182481802462942
"880",0.637234746225879
"881",-0.363636764338393
"882",0.454339718402652
"883",1.7969935484941
"884",-0.625281179718717
"885",0
"886",0.0895656127944289
"887",0.0894854645844045
"888",2.99581875407919
"889",2.14692660044404
"890",-0.340425860680149
"891",-0.170648505575821
"892",-2.94648698471813
"893",-0.264200946283832
"894",0.877968765204562
"895",-0.0874508144932395
"896",-0.262812240626964
"897",1.48021858051353
"898",1.54376993845831
"899",2.52114193464958
"900",1.23712918025469
"901",0.653597097978542
"902",3.0475493997034
"903",1.17786991926128
"904",-2.28987502366906
"905",-1.28619136424075
"906",-0.975617494536474
"907",-0.655740054615928
"908",1.30720815673531
"909",-0.0812017909011864
"910",1.85115950084125
"911",0.397931285148134
"912",1.10585645130592
"913",-0.393546356023533
"914",1.3317862332149
"915",0.543268701322708
"916",0.231928979109064
"917",-0.0772499072791977
"918",3.56774082208324
"919",-0.298730617973542
"920",0.522194398115206
"921",-1.12234623698497
"922",-2.12935802007399
"923",0.918139579029109
"924",-1.22606899863524
"925",-0.618718137725649
"926",-2.03768805886964
"927",-0.635427078460671
"928",-2.82847138385822
"929",0.0819336383402369
"930",-0.492611833605583
"931",0.0822706751463453
"932",-3.17486983145803
"933",0.761103039813582
"934",-0.931026615109554
"935",-3.99012167521859
"936",-1.78576174000065
"937",1.69722698432819
"938",-0.621947806701995
"939",-4.18623453609119
"940",3.20100489179
"941",0.449035330162628
"942",-0.719427563402686
"943",-3.3030525676482
"944",0.372439909098254
"945",0.740744127786153
"946",0.18433184942892
"947",2.72496424473756
"948",-1.17171236877538
"949",0
"950",-1.00228629486518
"951",-2.03522288488989
"952",0
"953",2.85602092667281
"954",3.65622534932757
"955",1.56388938844549
"956",0.772867737165805
"957",-1.29145144040237
"958",4.90377195612148
"959",-0.995033085316788
"960",0.415801014866357
"961",0
"962",-1.84259819463684
"963",-0.4235499766855
"964",-1.53980801111215
"965",0.172265331144628
"966",1.62188787855055
"967",0.590968372522793
"968",-0.168492036491941
"969",1.25682425223128
"970",-3.04334560801824
"971",-0.775531676747843
"972",0.861331767811491
"973",0.93897403498393
"974",2.68247433545157
"975",-1.16473862491815
"976",-0.924764892166019
"977",-0.763038886569145
"978",-3.02398851897183
"979",-2.30711209013119
"980",0.982589415129143
"981",-1.43243272881537
"982",0.180180228926297
"983",-0.180180228926297
"984",-1.72810121271776
"985",-1.38570346614264
"986",0.649051884466401
"987",2.10341545454265
"988",-0.817814644389259
"989",-3.15132657060766
"990",-2.28581380760504
"991",-0.773698250215249
"992",-1.27016851751214
"993",0.588236990306656
"994",0
"995",0.584796988242298
"996",-0.780491766938374
"997",-0.786631391598247
"998",-3.31189325840655
"999",0.2038736689848
"1000",-2.05768576887593
"1001",-0.939954701150425
"1002",-2.12097028068583
"1003",-3.15758404551674
"1004",0.771353686778165
"1005",1.95658415538804
"1006",-0.431500130141327
"1007",2.66682470821613
"1008",-4.3017385083691
"1009",-11.0256486270033
"1010",-1.23458358222992
"1011",-0.998759862834842
"1012",-4.49081231035691
"1013",1.69164736667007
"1014",-0.777205984770291
"1015",1.42029501779937
"1016",-1.81117499430461
"1017",4.09264277092172
"1018",0.375234961855053
"1019",1.73271661725036
"1020",0.367422336188428
"1021",-1.35386683327985
"1022",8.09002180876659
"1023",-0.918490957707263
"1024",1.37459209046349
"1025",0.680274732275254
"1026",0.22573373016499
"1027",-0.22573373016499
"1028",-3.80011181786135
"1029",0.351494210744452
"1030",-5.16011287750824
"1031",-1.11456262149163
"1032",1.48333992941012
"1033",-1.23458358222992
"1034",0.865806274311431
"1035",0
"1036",0
"1037",0
"1038",0.491401480242892
"1039",-1.10906866941582
"1040",0
"1041",0
"1042",0.740744127786197
"1043",-1.98764307575954
"1044",-3.70649456425429
"1045",-4.25596144187961
"1046",-0.272109011436061
"1047",-4.60011415799255
"1048",-0.28571448007797
"1049",-3.19794693215354
"1050",2.48006875945295
"1051",-3.66879003785761
"1052",-3.80853340238747
"1053",4.99725468079213
"1054",-0.741293238912544
"1055",-3.79120460222491
"1056",0.462606838878221
"1057",-6.67974809235157
"1058",2.59754864032606
"1059",1.11554941717855
"1060",-2.40588990076933
"1061",3.35226920386436
"1062",5.64604553401435
"1063",0.444116199996802
"1064",6.1579939097826
"1065",0.554018037561543
"1066",-3.22835053511263
"1067",-4.52301746495782
"1068",-14.5975234812017
"1069",-3.33656938438003
"1070",2.12022076506029
"1071",0.34904049397686
"1072",1.21213605323447
"1073",-2.43914531241589
"1074",-3.77403279828472
"1075",0.72993024816117
"1076",-1.83491386681964
"1077",0.554018037561521
"1078",-0.369004108745385
"1079",-1.86572576045427
"1080",0.750472565406768
"1081",1.66824999599362
"1082",-0.18399269220073
"1083",-1.85878957680909
"1084",0.561273690495767
"1085",-0.373832211060732
"1086",-5.38591696727293
"1087",1.17879557520422
"1088",-3.98459085471996
"1089",-0.816331063916098
"1090",-2.48975516217271
"1091",-0.843886864586474
"1092",0.211640290637782
"1093",-3.6602578977547
"1094",-2.66682470821611
"1095",-6.03431299074686
"1096",3.06266575789913
"1097",-2.82371701816098
"1098",-2.66037455179762
"1099",0
"1100",0
"1101",10.0200165098517
"1102",-2.24224640558324
"1103",0.67796869853789
"1104",-0.9049835519918
"1105",1.12995552539332
"1106",9.01898409163497
"1107",4.02468805085934
"1108",-3.81955977380362
"1109",1.22201113347755
"1110",2.79459303905594
"1111",-6.92741258834055
"1112",-1.70216875694305
"1113",-1.29591446425055
"1114",2.78688990087925
"1115",-1.49097543662871
"1116",-1.95022432314413
"1117",9.39167287975244
"1118",-1.20241929668017
"1119",5.30055373399956
"1120",-4.09813443731939
"1121",2.36231457634359
"1122",8.0341974472119
"1123",3.18048008700664
"1124",1.03807160545606
"1125",2.54899102134387
"1126",1.00167782434712
"1127",-0.166251077361346
"1128",4.87109280060056
"1129",0.158353160564428
"1130",2.19101096357444
"1131",3.19905421330218
"1132",-1.20665114131164
"1133",-2.6135230812546
"1134",1.39213385186081
"1135",3.76834338343948
"1136",0.147819686931094
"1137",0.589103323723728
"1138",1.31292914417929
"1139",2.99808322119357
"1140",-5.64140892800913
"1141",-7.0907969423051
"1142",4.8333647384512
"1143",-4.355276178417
"1144",-2.49509925494744
"1145",-1.23002780816517
"1146",3.08716636670872
"1147",-10.5360515657826
"1148",2.89113434944199
"1149",-2.0943173845243
"1150",7.14589639821448
"1151",1.79012103292404
"1152",0.482704074831575
"1153",-2.76665327181387
"1154",-2.67574491695493
"1155",-0.765635386199315
"1156",1.69352057575829
"1157",5.39346392349471
"1158",0.871292640692389
"1159",2.41538816734284
"1160",2.65872098049693
"1161",-0.601505572976113
"1162",-1.74975936209627
"1163",-2.56523976722083
"1164",-2.55197262080953
"1165",-2.45310747497813
"1166",1.47907380013965
"1167",-5.44751347982653
"1168",-2.08884879473554
"1169",-2.7643311668256
"1170",-13.1209110584852
"1171",-3.35461224912037
"1172",-1.50378773645405
"1173",1.92932029346788
"1174",1.57981168765913
"1175",-4.8163401378623
"1176",5.54513045362144
"1177",-4.34620601076936
"1178",-4.99826408677355
"1179",2.91827667570599
"1180",-3.48938045525742
"1181",2.60048571353282
"1182",9.16508953795354
"1183",8.01993615471239
"1184",-1.51518050206023
"1185",-7.83742529902214
"1186",4.73640162476612
"1187",-5.04647939259093
"1188",5.14485618360419
"1189",-4.93803087719829
"1190",18.0080756063175
"1191",-4.13973685292242
"1192",1.78257839526006
"1193",0.176522552456926
"1194",4.73614124030843
"1195",1.66809539240109
"1196",1.23306124574787
"1197",-7.81382043091432
"1198",4.99673273424468
"1199",-1.69495583137733
"1200",0.85106896679088
"1201",5.76291128366364
"1202",-0.400802139753886
"1203",-5.70166804402359
"1204",-1.36988443581618
"1205",5.20688556311304
"1206",-1.15227612367805
"1207",-1.58534818039784
"1208",2.57382410365203
"1209",-0.328407520118978
"1210",-2.41376679164444
"1211",-5.27575859100322
"1212",-7.94508165642174
"1213",-3.12525435041044
"1214",9.72923410083162
"1215",-5.07723253734231
"1216",1.31704631897449
"1217",-1.4117881545785
"1218",-1.91393402106974
"1219",-5.46041340348518
"1220",-29.1772057703306
"1221",6.73521820294916
"1222",3.39015516756813
"1223",1.22700925918142
"1224",0.365186041877119
"1225",-11.1726081948194
"1226",5.54964054495153
"1227",-5.41386319890551
"1228",-14.7389328849214
"1229",-14.7100121830592
"1230",13.4441724958668
"1231",-12.1771872217616
"1232",-13.4559670350088
"1233",5.40672212702757
"1234",4.57222493380952
"1235",2.93599070134701
"1236",-5.57765374574118
"1237",2.64166304439417
"1238",-4.37748290536997
"1239",-7.26125329637091
"1240",-11.9877277259498
"1241",-3.60182991891561
"1242",14.1142937973616
"1243",4.36206224758904
"1244",-0.20345886977875
"1245",9.51250117637995
"1246",12.3527819613275
"1247",-6.42112424568557
"1248",-10.284284220631
"1249",4.3526265049891
"1250",-2.24728558520586
"1251",-5.64901879547428
"1252",-7.92080527548701
"1253",-1.75059175136145
"1254",-2.4582243405336
"1255",-3.21866864959013
"1256",-1.41178815457851
"1257",-12.6111459762865
"1258",-6.09606997896873
"1259",-2.02027073175194
"1260",11.2912105421787
"1261",7.52234212375875
"1262",-3.19045465187452
"1263",-3.81240578417383
"1264",-4.23343638265606
"1265",-9.34200752859084
"1266",-1.79645549752988
"1267",-50.3801008829026
"1268",-2.53178079842899
"1269",-3.65575957337976
"1270",-6.59579677917974
"1271",-11.4238189689844
"1272",-3.89659685333838
"1273",-10.4624951078872
"1274",-4.51204352804696
"1275",2.28146777661714
"1276",2.96317976063712
"1277",-3.71790032417541
"1278",0
"1279",0
"1280",5.88405000229333
"1281",13.9761942375159
"1282",0
"1283",0
"1284",0
"1285",2.45411089161175
"1286",15.1549898127201
"1287",0
"1288",0
"1289",4.58095360312941
"1290",12.6040720895365
"1291",3.02398851897183
"1292",1.26851595273157
"1293",-11.097850796205
"1294",-9.3434006646097
"1295",-5.83720062219071
"1296",1.62605208717803
"1297",-3.83608678724463
"1298",-6.34218264374961
"1299",-17.5204089025091
"1300",14.4990310428594
"1301",-11.7016458386188
"1302",3.39015516756814
"1303",-4.77906638363486
"1304",-5.01897445238552
"1305",-7.6372978784574
"1306",6.15578929994334
"1307",8.5766821757425
"1308",-2.07619914484292
"1309",-2.1202207650603
"1310",-5.12932943875504
"1311",0
"1312",3.69045569354508
"1313",4.94800572633697
"1314",12.3132685403624
"1315",3.59320092260634
"1316",-7.32034040232949
"1317",-3.87145121806905
"1318",-4.7146778425702
"1319",0
"1320",-4.22598092898827
"1321",-2.91991546922622
"1322",-0.743497848751806
"1323",-6.95260626486103
"1324",-4.08219945202551
"1325",-12.4052648669979
"1326",-1.90481949706944
"1327",0
"1328",-5.94234204708008
"1329",-3.10905870700311
"1330",5.12932943875506
"1331",-3.04592074847087
"1332",0
"1333",-3.14161962333789
"1334",-13.6575535005751
"1335",-5.00104205746613
"1336",2.531780798429
"1337",7.2320661579626
"1338",8.89474860164962
"1339",0
"1340",14.805309995914
"1341",-1.85190477672376
"1342",14.7452731143131
"1343",9.96993602230881
"1344",0
"1345",14.8923276392107
"1346",15.1451622858093
"1347",-1.63491380015295
"1348",0.547946576462559
"1349",-11.5735952034659
"1350",-3.11551677797954
"1351",9.64602661875622
"1352",-2.32568621642673
"1353",4.59851132418234
"1354",2.22231367847102
"1355",20.7639364778245
"1356",-0.896866998276041
"1357",8.21195516183755
"1358",11.362502550772
"1359",0
"1360",-0.371057939653574
"1361",1.84167267862312
"1362",8.73154670026162
"1363",10.7698916589757
"1364",-2.73989741881144
"1365",0.615386557437814
"1366",8.23995317670669
"1367",3.60649349207958
"1368",2.42272953353242
"1369",-2.96917898074029
"1370",-5.34585785247672
"1371",9.37324776627071
"1372",5.87653092262517
"1373",0
"1374",12.7932622167502
"1375",12.3106058145298
"1376",-5.14965257671749
"1377",5.53500950831649
"1378",-12.2602322092332
"1379",-11.0203140133614
"1380",3.10658195748904
"1381",-9.3664475894635
"1382",6.25986563197446
"1383",5.20211847508784
"1384",-1.3921338518608
"1385",12.7085428318697
"1386",-0.412371718386206
"1387",-3.78992725909858
"1388",1.06724598907718
"1389",-1.49735417901625
"1390",-3.06369694618898
"1391",3.70816749045318
"1392",-7.32847235684925
"1393",2.278002833182
"1394",7.37861700592312
"1395",1.04059211611167
"1396",-2.72839589484685
"1397",4.98028224838183
"1398",3.7740327982847
"1399",-4.79133556958976
"1400",2.82276806248674
"1401",2.93850721597437
"1402",4.34440365869986
"1403",-0.185013928816147
"1404",-7.09789694585808
"1405",-0.798407434822057
"1406",-9.89239159192876
"1407",4.11759141841866
"1408",-2.79889099022328
"1409",-4.46502737377389
"1410",2.48039773658083
"1411",5.83949664891656
"1412",4.5182222793233
"1413",1.59365922628124
"1414",0.983292091623911
"1415",0.779731046003163
"1416",2.49293830425253
"1417",-6.45385211375712
"1418",-1.83491386681965
"1419",1.22700925918143
"1420",0
"1421",8.75193780165566
"1422",-3.9891329027302
"1423",5.28424813743799
"1424",4.84399628000676
"1425",1.21846590163672
"1426",7.81777810640241
"1427",11.1899092497409
"1428",-5.13685927573766
"1429",-14.9143158096636
"1430",6.26792763300992
"1431",-1.65566695944477
"1432",-0.838227875280451
"1433",-3.94901097066347
"1434",-3.56544005030957
"1435",-3.50913198112701
"1436",2.59754864032606
"1437",4.30173850836908
"1438",1.39375078437816
"1439",-0.520382787502705
"1440",0.693243677564492
"1441",-5.50271906249797
"1442",1.08893997992683
"1443",4.93057609841541
"1444",0.684934184557484
"1445",-0.34188067487857
"1446",-0.343053509678914
"1447",6.00180097262528
"1448",4.74022388945841
"1449",0
"1450",4.52565915881209
"1451",-0.888894741724622
"1452",1.76995770994011
"1453",-0.881062968215485
"1454",-1.18695755553839
"1455",-0.298953884836606
"1456",0
"1457",0.745715610808206
"1458",4.07625573898622
"1459",4.46378148520614
"1460",-1.92843441656048
"1461",-3.82754021033771
"1462",3.82754021033771
"1463",3.68642424827141
"1464",0.801072374607892
"1465",1.58314652166807
"1466",0.652318033912369
"1467",2.94704223087818
"1468",1.00503358535013
"1469",-3.82212128201977
"1470",0.904983551991778
"1471",-1.9493794681001
"1472",-2.92963694884307
"1473",-4.70349487049735
"1474",1.82461202278046
"1475",1.24396904756394
"1476",2.44245520070747
"1477",-5.51103627105187
"1478",-0.710735045865207
"1479",0.568991577767863
"1480",4.03112258022469
"1481",4.9179344948814
"1482",-2.49520496134898
"1483",-3.51863091250437
"1484",2.58342035547636
"1485",2.51835707869608
"1486",-0.788440352414876
"1487",-0.132013220492277
"1488",-0.132187725791599
"1489",4.9042085067603
"1490",-2.68044126597138
"1491",3.93202205915442
"1492",-3.80273955892392
"1493",-2.75066457898334
"1494",1.84215735673625
"1495",1.16657188159626
"1496",-4.21114853501268
"1497",-4.39631234211162
"1498",-2.41660658471836
"1499",-2.91991546922623
"1500",-7.8562322503102
"1501",-2.43321006595307
"1502",6.05280267910036
"1503",-5.39813585646893
"1504",3.99733474085786
"1505",-4.32413241731946
"1506",6.80103922856035
"1507",-2.00778945365288
"1508",0.777004686193172
"1509",-0.310077767824812
"1510",-1.72283039601775
"1511",6.72008507680988
"1512",-1.33830993756292
"1513",1.33830993756292
"1514",3.19794693215354
"1515",-1.73164500114609
"1516",0.869570696755373
"1517",-7.48852749522839
"1518",-3.48136423041405
"1519",2.38674814066435
"1520",2.17737995495606
"1521",-1.23840591997217
"1522",-4.29660358834432
"1523",4.60764582978357
"1524",-0.936044275956371
"1525",3.69272725922183
"1526",-0.758153745239754
"1527",0.152091284070655
"1528",0.454890852636902
"1529",1.05343336849595
"1530",1.04245173358841
"1531",-0.148257996022272
"1532",-0.148478126757934
"1533",-1.34631801682941
"1534",1.79109265665303
"1535",1.32257622192613
"1536",4.00625821520706
"1537",-3.56925824809522
"1538",3.9891329027302
"1539",3.83608678724463
"1540",3.56473387302376
"1541",-1.70049879209579
"1542",1.31063475053006
"1543",1.16506172199751
"1544",-0.128783018442857
"1545",5.61269542332865
"1546",3.21293519776389
"1547",-1.35410074716795
"1548",-1.66409242215639
"1549",1.6401718383801
"1550",-2.91282729230238
"1551",-1.8645661371463
"1552",3.1128995673563
"1553",1.23294200557014
"1554",-2.82669892258889
"1555",0.0741198304470503
"1556",-0.793458167287886
"1557",-0.349127536670868
"1558",-2.6067526874836
"1559",-3.496312290064
"1560",1.42369923835231
"1561",2.02131784668853
"1562",-2.1260847499329
"1563",2.2798914964806
"1564",2.90314469162181
"1565",4.59543599683447
"1566",3.1577878117276
"1567",-2.87302255047643
"1568",-2.64120995397772
"1569",-3.74315603841497
"1570",-0.0252620943619553
"1571",0.554297211597232
"1572",0.526251057875182
"1573",1.46386437385431
"1574",-2.94947648831128
"1575",-2.41346759270684
"1576",3.19679440290019
"1577",2.87789645500434
"1578",0.658137658929769
"1579",0.991184229869746
"1580",0.790707366354604
"1581",-2.3911294986785
"1582",-1.32875970764577
"1583",-3.27320257978703
"1584",2.52730155810739
"1585",1.80541567620629
"1586",2.82729959353836
"1587",0.712253723319911
"1588",0.212690615450706
"1589",1.03335818545454
"1590",0.210059594103784
"1591",0.0233127405182332
"1592",1.71023350308988
"1593",0.137394113667444
"1594",1.58913673366348
"1595",-2.97164723284773
"1596",3.39866215296833
"1597",1.09290705321903
"1598",-1.16020935525469
"1599",-0.269663084759952
"1600",1.00750880224116
"1601",4.12407083621922
"1602",5.63148678077616
"1603",1.34472673608708
"1604",0.675543995664873
"1605",2.40645477341097
"1606",-2.62451413229172
"1607",1.96508583116317
"1608",0.40780714833788
"1609",2.50706844285233
"1610",-0.720792195017017
"1611",-2.27194985913031
"1612",1.37319631918522
"1613",-3.47895158443727
"1614",0.831852687509094
"1615",2.74309583239858
"1616",0.935925082254085
"1617",-2.69765876982022
"1618",-0.469852078155419
"1619",2.05872487565977
"1620",3.7355786543769
"1621",-2.05807077000209
"1622",1.85415930811517
"1623",2.83564229362423
"1624",-5.25852351379834
"1625",-0.19029501460861
"1626",1.92422462223949
"1627",-0.168302985029301
"1628",-1.05363157223213
"1629",-7.99008603483027
"1630",-0.390024101107866
"1631",-1.49194644711079
"1632",-5.55877457378227
"1633",8.58151935917249
"1634",-0.466958517773874
"1635",4.53538347447107
"1636",1.50552930508494
"1637",-3.54882239641288
"1638",0.869570696755373
"1639",-0.57227585882007
"1640",-6.56341801936311
"1641",-2.0711747098322
"1642",1.52020912873523
"1643",-1.34775812673862
"1644",-9.8135619249351
"1645",4.77827442674899
"1646",3.99609217517269
"1647",-0.458066020706105
"1648",1.88419217900144
"1649",-4.29608030621413
"1650",0.691889826292758
"1651",3.96825555705973
"1652",-2.53287704324239
"1653",-1.30201552450229
"1654",-1.77035435983508
"1655",3.26950060199236
"1656",2.3784905023442
"1657",2.80224803914169
"1658",2.60447408788591
"1659",3.32468164656756
"1660",-0.235248099081886
"1661",2.36628573655675
"1662",0.516204186119773
"1663",1.28838462726795
"1664",-1.02176858664433
"1665",-1.14767900883908
"1666",-4.64650509496893
"1667",-0.201734988731439
"1668",2.78791453128651
"1669",-5.26171951228902
"1670",-0.269458137959022
"1671",-1.44248346256948
"1672",-0.400886706314307
"1673",0.569201494630267
"1674",4.98206949839559
"1675",-1.2072581234269
"1676",1.34716021479764
"1677",1.50647051169579
"1678",-0.8892460534347
"1679",2.77958783409731
"1680",2.40331994441563
"1681",-3.47077306910759
"1682",-3.27247842876359
"1683",-0.748763996077262
"1684",-1.16458564147326
"1685",1.50930868385004
"1686",1.64629295355621
"1687",0.555998255187506
"1688",-0.138710019268018
"1689",0.11890607821905
"1690",2.60008782631396
"1691",-1.92894436751527
"1692",1.87103489769889
"1693",1.85562474133136
"1694",-0.971343700419336
"1695",-0.537326182456987
"1696",-2.77036835538702
"1697",-0.277337737194072
"1698",0.967335546193748
"1699",-2.02428027446413
"1700",-5.01543661223658
"1701",-1.14480792372362
"1702",0.0426348333041116
"1703",0.404126892667489
"1704",2.16281396429763
"1705",-0.291242144703507
"1706",-1.36341912758036
"1707",-2.35053556736531
"1708",-0.238121121282675
"1709",-3.10358353008509
"1710",-1.12411255645213
"1711",5.09088659939103
"1712",-0.949920787154279
"1713",-3.75734805644237
"1714",-0.882258861517915
"1715",3.54908356973402
"1716",0.786373646021454
"1717",-2.06646175019687
"1718",-0.266904073037755
"1719",-3.62851597397644
"1720",-1.77078252363532
"1721",1.63211829989165
"1722",-0.556587707744516
"1723",0.925932541279684
"1724",-0.902679431071429
"1725",3.4505879611699
"1726",1.64851137980473
"1727",2.14215841587306
"1728",2.94076166945947
"1729",-0.822355715069079
"1730",2.63283072092351
"1731",-1.83147679108335
"1732",2.59162426231672
"1733",-0.780772406853547
"1734",0.206058181296731
"1735",3.5786695590545
"1736",0.909456644106932
"1737",0.862243241287697
"1738",-2.5292792662404
"1739",2.82153471050057
"1740",-1.15449868554787
"1741",1.52346696509178
"1742",1.44330418454413
"1743",1.10204421447551
"1744",1.0900314655206
"1745",2.54673295156691
"1746",-0.74988920220469
"1747",3.32220478709442
"1748",-0.552044853137801
"1749",-1.89280098855189
"1750",2.05338626706153
"1751",0.586616205360468
"1752",0.353857410990321
"1753",2.40807308626658
"1754",0.858374369139137
"1755",-2.80829687428252
"1756",0.648385693936349
"1757",-1.21256208460316
"1758",-0.106138343592188
"1759",0.406253318608041
"1760",-0.15877219530116
"1761",3.74264055191169
"1762",1.21705356202553
"1763",3.17486983145803
"1764",1.67854166920138
"1765",-3.75064343295315
"1766",-2.09897723520771
"1767",2.09897723520771
"1768",-0.800805080334266
"1769",4.15051781825702
"1770",1.34080220944335
"1771",4.73772810110111
"1772",-0.393939903396956
"1773",-1.28344007715411
"1774",-1.76858472668087
"1775",2.5802899261377
"1776",3.06422291732895
"1777",1.04481856948395
"1778",-0.808411839995893
"1779",1.02775827582404
"1780",2.86536052426498
"1781",1.88419522437024
"1782",2.76135410180351
"1783",2.54194288369765
"1784",-3.50866019511029
"1785",-0.054742029559196
"1786",-4.68003586984009
"1787",3.3710264792596
"1788",-0.333426260553082
"1789",-2.05265185213759
"1790",-0.855925339566976
"1791",0.898529898899203
"1792",0.0851547028465349
"1793",0.056729543430345
"1794",1.15591927027576
"1795",1.59892179377836
"1796",-1.17934075864481
"1797",-2.57294374162371
"1798",0.428694569087518
"1799",0.213660077007738
"1800",-0.929175436444107
"1801",3.58289381297265
"1802",-2.76761360524165
"1803",0
"1804",0.142348778485379
"1805",0.0568828229217111
"1806",-3.19229822602596
"1807",5.00963358407831
"1808",0.889512466853004
"1809",0.013836042913784
"1810",1.53764698964423
"1811",0.733001788801602
"1812",5.23003608342809
"1813",-3.31449964873882
"1814",-3.11282964882422
"1815",-0.493963682766285
"1816",-0.676284407638317
"1817",4.71996199803129
"1818",1.58577466255592
"1819",0.957564252573384
"1820",-0.387097257562097
"1821",-0.181159469835102
"1822",1.29963870066439
"1823",1.87442164688014
"1824",0.662792396939516
"1825",0.0872111187151248
"1826",2.09496263115372
"1827",0.850035476539235
"1828",-1.58443290211507
"1829",-0.0737372529416191
"1830",0.808134678517458
"1831",0.328727391658568
"1832",-1.9144037844558
"1833",0.432713786388161
"1834",-0.86730812534288
"1835",-0.436491308470099
"1836",-2.27541102485125
"1837",2.40031736135053
"1838",-4.37597720495817
"1839",-0.0652273195130615
"1840",1.47671077245386
"1841",1.92301373148807
"1842",-0.886867589141893
"1843",-0.997578294596746
"1844",0.512821636691951
"1845",-1.67637710396673
"1846",0.557610210934589
"1847",0.451584536212524
"1848",-3.75125950630695
"1849",-3.67538305848834
"1850",1.55468495620601
"1851",-1.11196148819641
"1852",-4.46023687610329
"1853",-0.274626175347614
"1854",0.907721815111673
"1855",-2.10167892216313
"1856",4.8322722843992
"1857",-0.349528492864226
"1858",-0.561799230422322
"1859",1.95264223503553
"1860",-0.138217022695164
"1861",-0.415801014866379
"1862",-1.06116605945945
"1863",2.35827269590734
"1864",-0.812173230304136
"1865",1.63140227956331
"1866",1.47130952701702
"1867",3.77353652160051
"1868",-1.69164736667007
"1869",-2.14890879419256
"1870",-2.38817320033875
"1871",1.0110756988833
"1872",-4.8178605695576
"1873",0.668233097219462
"1874",-2.10503942391147
"1875",1.19400109421512
"1876",1.58891128273342
"1877",0.491401480242892
"1878",4.19641990990323
"1879",-0.403714718697135
"1880",3.10658195748905
"1881",-0.524247596484972
"1882",0.196915061988046
"1883",0.510171817508409
"1884",0.986764693307673
"1885",2.29895182246986
"1886",-0.722299281695538
"1887",0.152497170231758
"1888",0.418172059667388
"1889",1.09414409775468
"1890",2.99412497279716
"1891",-0.0971581324910709
"1892",0.569456921428024
"1893",-1.09330535089476
"1894",-0.0488698849066438
"1895",-3.93820361981394
"1896",0.532455619017513
"1897",2.27509812884223
"1898",-0.756780486703246
"1899",-4.0796050481545
"1900",2.00340590331161
"1901",-0.0890415373973497
"1902",-0.997578294596746
"1903",1.13746513625461
"1904",-0.216271313863192
"1905",2.37851771517974
"1906",-0.73644469394698
"1907",-2.46049191165887
"1908",0.690981636018639
"1909",-0.79375656798395
"1910",1.39130459226524
"1911",-2.50285797828496
"1912",-0.638896494907781
"1913",-2.4362385891648
"1914",0.0402010055665425
"1915",1.84514427012568
"1916",-1.71125751830075
"1917",-1.06262349005291
"1918",-1.77357991405169
"1919",0.082553664567353
"1920",1.25736247186601
"1921",0.811582974883018
"1922",-1.67089399810645
"1923",0.913621954633115
"1924",-0.0950634959891783
"1925",0.757989552276905
"1926",3.48495020848527
"1927",0.946154424005829
"1928",1.44716619217764
"1929",1.88922495512749
"1930",-0.940151080247187
"1931",1.11467119435025
"1932",1.06542137640075
"1933",-2.21788308578157
"1934",-2.22953371620243
"1935",-3.66062518484931
"1936",0.226923944404334
"1937",-0.8032171697264
"1938",-2.38025518227545
"1939",-2.25510670065734
"1940",4.72940367128356
"1941",-3.23423154316507
"1942",-1.19995858694426
"1943",1.21382725072074
"1944",0.718532868940858
"1945",-0.787895429812968
"1946",-0.097188483873567
"1947",-3.50565933688169
"1948",0.802411527004798
"1949",-1.94544647064425
"1950",-2.95355196255087
"1951",-4.13092235087742
"1952",-7.23792387404079
"1953",-0.168067266451843
"1954",-8.6568016308459
"1955",5.98042949349513
"1956",-3.40922139894695
"1957",7.42228845969508
"1958",4.38381881195917
"1959",-1.66590429592155
"1960",-2.22122475320394
"1961",-3.9240531681624
"1962",-5.61687446923891
"1963",0.99431353402899
"1964",-0.252161516900196
"1965",1.78735767992948
"1966",2.46710089523181
"1967",-2.32548288607897
"1968",1.00326459747653
"1969",2.35386430211353
"1970",-0.583292098101773
"1971",2.12792095805019
"1972",-1.06681225121101
"1973",-3.12984828074834
"1974",-7.7206987415674
"1975",-2.34220728193908
"1976",8.23709974331277
"1977",0.961374682355975
"1978",-1.39163708868686
"1979",2.67675291781353
"1980",3.84332770917701
"1981",4.52491436917419
"1982",1.38990974656268
"1983",-1.18099042589646
"1984",-4.19664925218397
"1985",6.04177874161822
"1986",-3.54516233709137
"1987",-5.48749354378415
"1988",1.08090612313254
"1989",-1.14993114744342
"1990",5.13105564515759
"1991",-2.65884722244949
"1992",-2.42043518831321
"1993",-3.65465830637206
"1994",-3.55196250396255
"1995",-3.35627279023543
"1996",4.84705221657518
"1997",3.94033782373584
"1998",0.734911444147346
"1999",5.21384740821023
"2000",0.577511711517986
"2001",3.52388166205007
"2002",0.759497321744473
"2003",-4.15184328577674
"2004",-0.131535698017804
"2005",-0.627168254787791
"2006",-1.16570845422128
"2007",-0.756624038331588
"2008",3.04187003351912
"2009",2.61769672884433
"2010",2.76834287484167
"2011",-1.31169900662937
"2012",3.7029840104049
"2013",-0.318592395701911
"2014",-0.793291726948575
"2015",-7.75187092400162
"2016",2.3391922879971
"2017",4.72105980289785
"2018",0.277221800828387
"2019",-0.601621560095511
"2020",3.4071736791083
"2021",-2.54443531294393
"2022",-0.0767283088360493
"2023",2.51642806945125
"2024",-0.0149711805055297
"2025",-3.48881449358178
"2026",-3.03792937914547
"2027",-3.36425649734764
"2028",-2.27358506124646
"2029",-2.98632110988104
"2030",-3.94437345363807
"2031",1.33215291364148
"2032",0.535046755283108
"2033",2.21644957324383
"2034",2.61003826948953
"2035",-0.169635324817863
"2036",4.18944243551356
"2037",1.21370532685696
"2038",0.737182825607552
"2039",0.127652801760791
"2040",-0.271457252523444
"2041",-2.92038924120923
"2042",-1.55967986610166
"2043",-1.73741403320271
"2044",-2.42843243331941
"2045",-0.191955385701603
"2046",-1.62003895277263
"2047",2.93881565713503
"2048",-0.622516276290508
"2049",-2.74327031948223
"2050",2.84729252026295
"2051",-1.22037776793846
"2052",1.11635556715775
"2053",0.915140635198752
"2054",0
"2055",0.240343463334725
"2056",-1.74699591367566
"2057",1.09328637775583
"2058",0.378984088405954
"2059",4.10970598500049
"2060",0.345935605674974
"2061",-0.296442904837924
"2062",1.70077689197621
"2063",0.37225906871492
"2064",-0.437141471639868
"2065",2.10331266621089
"2066",2.07554620514516
"2067",-1.50520245375818
"2068",0.315457674851527
"2069",3.10102367425604
"2070",3.27405726567616
"2071",2.89790937440597
"2072",-0.229918192963297
"2073",-1.25951719326878
"2074",1.8190194060058
"2075",-1.04984066272713
"2076",0.992599676619244
"2077",1.81565271416233
"2078",-0.0562429711113976
"2079",-2.99808322119357
"2080",1.09542750034648
"2081",5.48063251781836
"2082",1.14687892722043
"2083",2.01866084490012
"2084",0.602964207193857
"2085",-0.366588522610511
"2086",-1.47994244459393
"2087",-0.761679368926016
"2088",0.160836383686291
"2089",-0.564062736480153
"2090",-4.43354546730903
"2091",3.44551550377132
"2092",-0.545555090153704
"2093",3.48083249693207
"2094",3.1079804730425
"2095",-2.06993160131503
"2096",-1.10411216276067
"2097",0.0132161501547046
"2098",0.25077555543227
"2099",-0.316873779796634
"2100",2.13261173150681
"2101",-1.74984877491782
"2102",-0.594571349251227
"2103",1.95531457487239
"2104",-1.90232040299092
"2105",-5.30375822883791
"2106",1.66208812360402
"2107",3.9062205240763
"2108",-0.171878141077464
"2109",0.475248419251395
"2110",-0.886307805985131
"2111",-0.746869302651954
"2112",2.22407896585985
"2113",-0.525073403789067
"2114",0.603597161259284
"2115",-3.10905870700311
"2116",-0.473453708211213
"2117",-0.0678196024638256
"2118",0.945314264375541
"2119",1.81145070387765
"2120",-0.357025172628944
"2121",1.81154862095072
"2122",-1.21721285573844
"2123",0.943650514875305
"2124",2.52460600413049
"2125",0.228687687011941
"2126",-5.90712603793286
"2127",0.456683130850699
"2128",0
"2129",0
"2130",-4.6073407615322
"2131",0.0841632817249582
"2132",5.60282808705999
"2133",-2.2659681059541
"2134",0.944803896805158
"2135",1.62561874308333
"2136",0.14528167383987
"2137",1.2590330246292
"2138",-0.614421176015645
"2139",-6.87961953136358
"2140",2.12640907534416
"2141",1.78539665857835
"2142",0.914353553270297
"2143",-0.120538419469796
"2144",0.787563304529959
"2145",0
"2146",-0.0531985648934086
"2147",-3.18989067827578
"2148",-3.28081354935281
"2149",0.622526062499018
"2150",-4.02932203826152
"2151",-2.54307704243986
"2152",2.16055487525795
"2153",1.65196359595523
"2154",-3.40665545636061
"2155",0.314536318629344
"2156",-0.344543820729992
"2157",-3.59008997049919
"2158",-3.61084357918089
"2159",2.0905572651025
"2160",2.98715427400016
"2161",-3.2084982378874
"2162",-1.08212386315831
"2163",-1.80825075507658
"2164",0.0977039647826583
"2165",4.33188747188424
"2166",-0.766646952932515
"2167",0.329282931787778
"2168",-5.85037509760473
"2169",-3.25574846703618
"2170",1.95268960180996
"2171",3.84313807451429
"2172",1.8437396026711
"2173",-1.45614221820181
"2174",0.514470588123772
"2175",-1.73073466919356
"2176",0.504517304183394
"2177",-3.33419232543379
"2178",-0.40363324224606
"2179",3.13536506271874
"2180",2.62727658795583
"2181",1.76605031519506
"2182",-0.0156311059325676
"2183",-3.66166344586449
"2184",-1.56891598610587
"2185",-12.5866184737053
"2186",-2.38196516804594
"2187",-2.55778330560967
"2188",4.54667356417742
"2189",2.64658733861023
"2190",0.999553983167889
"2191",0.66684936671273
"2192",-1.64814017751682
"2193",-4.92194016402336
"2194",-1.23529847219646
"2195",2.43657137910638
"2196",-2.28132197862461
"2197",-1.44533766040564
"2198",2.85096396120661
"2199",2.67890005841596
"2200",-1.91699161077203
"2201",3.11970756105129
"2202",4.53070476047266
"2203",-0.989232585593336
"2204",-4.05779270232871
"2205",-0.742256144885745
"2206",-0.335821211126475
"2207",1.86990545051184
"2208",1.04006046562934
"2209",0.867527580720462
"2210",6.47971704274466
"2211",-3.58867593335244
"2212",-4.79862915574203
"2213",4.1672696400568
"2214",1.98578202646096
"2215",0.120658465039103
"2216",-0.241462690620198
"2217",2.87654928336056
"2218",0.0503229063710364
"2219",-1.82777130912881
"2220",0.596000061381452
"2221",0.338983375451174
"2222",1.21091287897495
"2223",0.699653028983604
"2224",-3.89285911504338
"2225",1.69423065086176
"2226",-1.43567668453808
"2227",-2.17532287755413
"2228",-1.13235463292545
"2229",1.90347657527448
"2230",-1.5482364148377
"2231",-0.301873619990278
"2232",-2.24809395670107
"2233",-0.0545801887469333
"2234",-1.6884232993656
"2235",-1.90588728562595
"2236",-1.46320900315391
"2237",1.06627057440403
"2238",6.38280415339725
"2239",-1.08978300507721
"2240",1.10754972805187
"2241",2.33528301804473
"2242",-0.766554276221654
"2243",4.29603152863927
"2244",-0.234820637924926
"2245",-4.16619777699803
"2246",-0.597016698650377
"2247",-1.22266075245796
"2248",-0.124877368828313
"2249",-2.93446159700654
"2250",-6.33627420485592
"2251",-3.40636459338473
"2252",1.72764441671236
"2253",-1.66687261295808
"2254",4.39761885704837
"2255",-2.47216827803474
"2256",-0.55777037035416
"2257",1.17169446910643
"2258",3.22483266878273
"2259",-2.39903167229671
"2260",-1.14219437887282
"2261",-0.975229144267842
"2262",1.66604408931073
"2263",-0.750250310834155
"2264",-1.67869649492567
"2265",3.44656811180508
"2266",1.58396203268765
"2267",3.26167097549952
"2268",-1.60811244035854
"2269",1.38527112251592
"2270",-2.75177559010349
"2271",-0.172133541594066
"2272",-0.0382921697192895
"2273",1.21813459051603
"2274",0.28336658235717
"2275",2.01687508836208
"2276",-2.98361562857574
"2277",4.03190109023439
"2278",1.45298596877099
"2279",0.342003753392195
"2280",1.92210936169219
"2281",-4.93191247742013
"2282",-1.30477153924757
"2283",0.654513790490863
"2284",-1.74865788824556
"2285",-0.570669229899146
"2286",5.70948228571284
"2287",-1.67155054721964
"2288",-1.62545137653733
"2289",6.01644436536286
"2290",0.192695163417955
"2291",2.36932829975176
"2292",0.935619651563169
"2293",0.16917615268226
"2294",-1.12188836047884
"2295",0.511510066677046
"2296",-0.785389046500584
"2297",1.68271158309765
"2298",-0.625583238947058
"2299",0.524402791866541
"2300",-3.81751994916619
"2301",0.192627675358192
"2302",1.35536392795377
"2303",0.327388937205475
"2304",-0.172176351074227
"2305",0.515642256302939
"2306",-1.08593672514923
"2307",0.259628012563162
"2308",0.568819942736987
"2309",1.29783242424932
"2310",2.66191325940472
"2311",3.42649417789518
"2312",-1.20454359312776
"2313",-0.0161590046404703
"2314",0
"2315",0
"2316",0
"2317",-0.194111998834456
"2318",-0.763920821888053
"2319",0
"2320",0
"2321",4.24848305272114
"2322",1.99712497279614
"2323",0.763479048326032
"2324",-2.19924280893016
"2325",-1.75690793614078
"2326",2.17587045447651
"2327",2.76416774009389
"2328",-1.50241842679151
"2329",-0.705849178845308
"2330",2.25344492739006
"2331",-0.755633034738423
"2332",1.95289366957434
"2333",-0.268136612313197
"2334",0.654180150394001
"2335",-1.29765412526797
"2336",1.03055202255942
"2337",-0.895528372910426
"2338",0.374111921560361
"2339",-0.449102551246394
"2340",-2.53755163837632
"2341",-1.61343866092589
"2342",3.85046415275589
"2343",3.63515202098621
"2344",-2.81086859781503
"2345",-2.38645972807283
"2346",-0.321519070512699
"2347",-1.14128320825821
"2348",1.50864930333803
"2349",-1.01352218940431
"2350",-1.1018967701762
"2351",0.296065662309086
"2352",-2.21829280137733
"2353",0.270077215559739
"2354",-0.764456661209856
"2355",4.56257855400797
"2356",1.83130354295933
"2357",-1.80075986526309
"2358",-2.73989741881144
"2359",2.40340276052782
"2360",-2.96997651409556
"2361",1.61255940439218
"2362",1.87697818066941
"2363",-0.580863754878158
"2364",-2.06001244245155
"2365",1.75293404975714
"2366",0.68960506218736
"2367",-0.966784174048119
"2368",5.47568345057265
"2369",-0.909230490215385
"2370",-0.132674892315143
"2371",-2.38852973120427
"2372",-0.910614882518734
"2373",0.698878566269023
"2374",-1.78726211611768
"2375",-0.587418600543077
"2376",0.0465008146021573
"2377",-2.65384185603279
"2378",-1.00760548604921
"2379",0.449078541406189
"2380",0.510775252529916
"2381",-1.1851516040728
"2382",-0.760090988608719
"2383",0
"2384",0
"2385",-0.733200840629289
"2386",0.944017427262311
"2387",-0.357027318552761
"2388",-2.01993894619821
"2389",-0.282415670722402
"2390",-2.45886419515862
"2391",1.65712280355299
"2392",2.72947222973214
"2393",-3.13276634045669
"2394",-4.05484168593213
"2395",0.105152480772008
"2396",-4.9368365977966
"2397",1.47961417013096
"2398",-1.02060299058451
"2399",-0.735432621564347
"2400",3.32123802539397
"2401",2.18935298380065
"2402",3.14594056876143
"2403",-0.0677162714211921
"2404",0.10155721929066
"2405",1.41107666372453
"2406",0
"2407",9.46275600349382
"2408",1.37143284289245
"2409",-1.49290264221922
"2410",1.50786934134166
"2411",0.254091759156583
"2412",0.832470988603151
"2413",-1.43136482836768
"2414",-0.361065534431448
"2415",0.25588935465104
"2416",-1.78982481518029
"2417",-1.60447749293504
"2418",-0.452031008966158
"2419",0.840079613873934
"2420",2.87086443844984
"2421",-0.361936754631831
"2422",-3.67762037800874
"2423",-2.04266464070231
"2424",1.12941628437506
"2425",2.14388932569096
"2426",-0.917651668470931
"2427",3.22856634979687
"2428",-0.91186042164344
"2429",-1.29073703439191
"2430",1.77809712179067
"2431",-2.53879317527699
"2432",-1.11260256073744
"2433",1.48591144037498
"2434",0.1551349985351
"2435",3.26347960805673
"2436",-2.01567785224532
"2437",0.0765169522373821
"2438",0.351225832540503
"2439",-0.244200365555169
"2440",4.3507870875467
"2441",0
"2442",-5.92174192669057
"2443",-4.54118349323744
"2444",-1.19292206380643
"2445",1.75986291985266
"2446",4.87055523644964
"2447",0.107634361125553
"2448",-1.19039822633189
"2449",-1.11034059642572
"2450",0.736391890169563
"2451",-1.27250165733825
"2452",4.27111180930499
"2453",-2.67132863174848
"2454",2.41345969856197
"2455",0.288162783766555
"2456",0.377900835188227
"2457",2.16410206684501
"2458",2.23383257474636
"2459",0.661968167754434
"2460",-0.532107389097969
"2461",2.23863344451665
"2462",0.436159678425541
"2463",-1.03013681720394
"2464",0.847462699097212
"2465",1.27176614515803
"2466",0.318891084795458
"2467",0.23505022919994
"2468",-3.51357108768358
"2469",-0.100178899254688
"2470",-4.15142921403806
"2471",-0.989958587205986
"2472",3.18947156909075
"2473",-0.351031514474465
"2474",0.19029501460861
"2475",0.23371322353074
"2476",0.914972616603071
"2477",1.04984066272713
"2478",-0.214822853828966
"2479",1.11207305186127
"2480",1.08581762001625
"2481",0.796260406010108
"2482",-1.81121132332274
"2483",0.28296566701933
"2484",-0.325479661849437
"2485",-2.70092556662378
"2486",0.653170186321494
"2487",2.23185229556955
"2488",-0.269179166571121
"2489",-0.72613688462424
"2490",-2.54717099490422
"2491",-0.912979394158131
"2492",1.04481856948395
"2493",0.423636598808175
"2494",2.39101121058414
"2495",-0.199458678464737
"2496",2.15850942211473
"2497",0.013955760262685
"2498",-0.55975516991178
"2499",0.727072554177122
"2500",3.08645307355457
"2501",0.4582218260202
"2502",0.576525026522257
"2503",-0.886268725784545
"2504",1.6056004541309
"2505",-0.960263447088305
"2506",1.07965060725275
"2507",-0.385203371971654
"2508",-0.293216256993523
"2509",1.58901648520611
"2510",-0.791352059070372
"2511",0.224852948383125
"2512",-0.185136260232754
"2513",0.25117337549001
"2514",-2.391723331684
"2515",1.60969270421747
"2516",-0.747966623191187
"2517",-0.929362201291539
"2518",0.0541125554329724
"2519",-1.32055557309572
"2520",0.587553784294115
"2521",-1.70380598661017
"2522",2.67995256627906
"2523",0.899878478641725
"2524",-1.53600432949368
"2525",-0.462711767314405
"2526",-1.26288569304451
"2527",-1.25105885262897
"2528",0.960541943588211
"2529",0.992563979997008
"2530",-2.1911846019673
"2531",-0.844837466555148
"2532",-0.453515516539138
"2533",-1.47387657667868
"2534",0.0432370115548864
"2535",2.47628990075504
"2536",-0.549722999696201
"2537",0.760352860618996
"2538",-0.0140281966983125
"2539",0.699010255690724
"2540",0.167037900753986
"2541",0.59627161341882
"2542",-1.50441617124293
"2543",-0.0561561154726498
"2544",2.3318197400088
"2545",-5.77477104548236
"2546",0.1742666720431
"2547",1.19710090417462
"2548",1.7198917299849
"2549",-0.169252508669127
"2550",1.63811853461426
"2551",0.595363475443711
"2552",-0.276472390648252
"2553",0.7309873250265
"2554",0.752964061250916
"2555",0.0817995955631812
"2556",0.258591501703709
"2557",1.06808289090703
"2558",0.456192928552834
"2559",0.80000426670761
"2560",-1.93087253814306
"2561",0.513167905352807
"2562",-0.757169653089385
"2563",1.74900193607144
"2564",0.492251376473885
"2565",-1.34947602033986
"2566",0.188146809970569
"2567",-2.28146777661715
"2568",0.123550019148122
"2569",-0.219750122767226
"2570",1.20269319041653
"2571",1.10782003012047
"2572",1.81072714521187
"2573",0.368761118527194
"2574",1.17617665370164
"2575",0
"2576",0
"2577",0
"2578",0.918208843684321
"2579",-0.103039679389649
"2580",0
"2581",0
"2582",-1.20569296183697
"2583",0.844215676932691
"2584",-0.687823099767781
"2585",-0.430669507418546
"2586",0.0523012564223269
"2587",-2.04695162838835
"2588",0.545540571950109
"2589",1.72338673026955
"2590",-1.4054214385316
"2591",1.07881588332668
"2592",-0.0130864359278782
"2593",0.730215788675093
"2594",0.116860365178528
"2595",0.194464312271281
"2596",-0.194464312271281
"2597",-1.38509989116806
"2598",-2.96456481178013
"2599",-1.2136236774408
"2600",1.25427683878394
"2601",0.0406366412635917
"2602",4.12552700902915
"2603",-0.508111314018933
"2604",-2.08533358369332
"2605",-0.803432281084193
"2606",0.134354447188789
"2607",0.709080501273318
"2608",0
"2609",0.571620034365683
"2610",2.34503442559708
"2611",0.0129474979141175
"2612",0.168165100104911
"2613",1.02868336708761
"2614",0.166166076451857
"2615",-0.0255460468882251
"2616",-0.435284261731228
"2617",-1.22637566206047
"2618",2.48858404303527
"2619",0.631474692472977
"2620",0.727549621699186
"2621",1.41476670985674
"2622",-0.0616332839233014
"2623",1.34723409407673
"2624",-2.65038626194105
"2625",1.90552659979852
"2626",2.50542605733433
"2627",2.35082587560766
"2628",-1.82626577912268
"2629",-0.763909181549582
"2630",0.0479156693403482
"2631",-2.13031537206785
"2632",-1.78983979395388
"2633",-1.31638583662421
"2634",3.32619394608473
"2635",0.923457352236978
"2636",0.711060543416053
"2637",2.00922172459008
"2638",-0.306495583562016
"2639",-2.45007773909753
"2640",2.15448189867757
"2641",1.28244595449534
"2642",-0.046772685604779
"2643",0.338607364215937
"2644",0.962828620160661
"2645",1.85296391587664
"2646",0.835125043264862
"2647",-0.710542661219016
"2648",-1.05821093305369
"2649",-1.77731164245882
"2650",-1.85691080027706
"2651",0.390694867420471
"2652",-0.937859310928246
"2653",-2.9166465093692
"2654",0.134994191206728
"2655",-2.83601096288182
"2656",2.24560334378734
"2657",3.66980326446442
"2658",0
"2659",0
"2660",0.047556771791557
"2661",-1.08755180079272
"2662",1.62101284895475
"2663",-2.62337617168438
"2664",-1.06156814130296
"2665",4.4505095619737
"2666",-1.7039815909011
"2667",0
"2668",-1.26105075919298
"2669",-1.42416137207761
"2670",2.92361968250465
"2671",0.178433402483913
"2672",2.65055976476352
"2673",-1.03543476421462
"2674",2.74527044086899
"2675",-0.387597384469274
"2676",-0.0685557613687937
"2677",-2.06716755144387
"2678",-1.03214615572895
"2679",1.53264187546376
"2680",-0.442169675503301
"2681",0.511807561325828
"2682",0.566901500885075
"2683",-0.254129742867271
"2684",1.61765702682661
"2685",3.04853821734445
"2686",0.275588555616135
"2687",-0.529802563755544
"2688",0.69479187687973
"2689",-0.971846412165389
"2690",-0.679252096613592
"2691",1.28776202318934
"2692",0.462199568283594
"2693",0.558385421935714
"2694",-0.328084283790675
"2695",-0.0657462219606497
"2696",-0.428407312002532
"2697",0.614576122274668
"2698",-0.438597194325441
"2699",0.52608626377304
"2700",1.05475886785533
"2701",1.21487276049366
"2702",-0.621719228481421
"2703",0.824548227827782
"2704",-0.513205445866394
"2705",-1.06687794640634
"2706",-1.94733207434701
"2707",-0.221190092392964
"2708",0.0995960907868465
"2709",0.968637182771426
"2710",1.50035430216104
"2711",0.688248764733057
"2712",0.991743665734601
"2713",-1.12043001057125
"2714",-1.1114222849983
"2715",-2.53845837180129
"2716",0.665559861173604
"2717",-1.95373225257707
"2718",1.04301960537367
"2719",-0.413662616814658
"2720",-1.36486242589084
"2721",3.91988721774257
"2722",-0.767379341238517
"2723",0.690905857421997
"2724",-0.328407520119001
"2725",2.30867024973698
"2726",-0.16084931890048
"2727",-0.894739974340197
"2728",-3.59386119126963
"2729",-0.269754013189205
"2730",0.639481620517435
"2731",-3.56306542856188
"2732",-4.18897022630436
"2733",1.21315523051089
"2734",-1.95304580338687
"2735",-0.537110666245555
"2736",-0.638509045520541
"2737",1.23647287496569
"2738",0.036494130932363
"2739",1.78403960256976
"2740",-1.3713675762177
"2741",0.988317071939804
"2742",1.51166361264936
"2743",-0.295770697723308
"2744",1.80819767449378
"2745",1.45549525680848
"2746",-1.38570346614264
"2747",-0.197870052337912
"2748",1.74399523272863
"2749",1.09315595524997
"2750",0.192340388537993
"2751",0.68713308938726
"2752",-0.834183622078655
"2753",0.124441443741397
"2754",0.732191387096925
"2755",0.749150929183351
"2756",0.1113337901685
"2757",0.0444988326399276
"2758",0.620913404096868
"2759",0.759790033983343
"2760",-0.31862906702278
"2761",-0.088076632358991
"2762",-0.264696305424339
"2763",-0.409451133648409
"2764",-1.64350504604429
"2765",-0.974180789938917
"2766",0.295521924553199
"2767",1.38632820453344
"2768",0.691581116714213
"2769",-2.20283126129082
"2770",-1.34998046067589
"2771",-0.786313024548324
"2772",-2.64674627677612
"2773",1.5847067676003
"2774",-0.623788287619753
"2775",-3.32503775042854
"2776",-2.13417092812547
"2777",-2.07881501708385
"2778",0
"2779",-0.280469332248279
"2780",0.522061413644392
"2781",-2.58585193260172
"2782",0.364251736158483
"2783",-7.08868114470222
"2784",-2.09881638902814
"2785",2.26594734715173
"2786",-3.3105300728236
"2787",1.68310919453905
"2788",2.36225954025231
"2789",-1.50315982648379
"2790",2.68416778569645
"2791",1.50399149560667
"2792",1.9312047214969
"2793",-0.211276983384723
"2794",-2.96486939221301
"2795",0.732604009207294
"2796",-1.56668281744843
"2797",0.0549073452366988
"2798",6.04389395344311
"2799",0.605320928737729
"2800",-1.93173829507307
"2801",1.35225048453638
"2802",0.399562302544476
"2803",-2.36897711224047
"2804",1.2695674742417
"2805",-0.325669538148432
"2806",-0.667672834448352
"2807",-0.355286905736829
"2808",-0.0263678313986659
"2809",0.552269648265113
"2810",1.28983613484372
"2811",1.66884489237753
"2812",1.07630035514599
"2813",2.38936205070557
"2814",-0.332574057846058
"2815",-0.370828607891927
"2816",-0.0619386826862911
"2817",-2.42063615606702
"2818",0.0126943827527093
"2819",0
"2820",0.152207030906881
"2821",3.24217923949885
"2822",2.91417756351611
"2823",1.5608688652228
"2824",0.374751580399613
"2825",-1.84032562006666
"2826",1.28942461945005
"2827",0.0587509563929611
"2828",-1.9332868039156
"2829",-1.60563599137133
"2830",1.28175878149075
"2831",0.718307889176195
"2832",2.55563576037416
"2833",0.267084871072543
"2834",0.750971122139221
"2835",0.688233962294182
"2836",0
"2837",0
"2838",0
"2839",0.365130483250375
"2840",0.737591996472364
"2841",0
"2842",0
"2843",0.496222964778914
"2844",-2.13765956756506
"2845",-2.57275117800755
"2846",1.4749184612596
"2847",3.22424179209211
"2848",-1.29092495933065
"2849",0.952820275698407
"2850",1.10026932355018
"2851",0.390037826612755
"2852",0.996024170505549
"2853",0.362737413399961
"2854",1.70795557831545
"2855",0.666525795876449
"2856",0
"2857",0.214064086880406
"2858",1.92720915999685
"2859",2.46542423043161
"2860",-2.22449812007319
"2861",3.00929550280311
"2862",1.50136328097146
"2863",-0.220264406234216
"2864",-1.12893044567914
"2865",1.7085842773723
"2866",0.149365225678322
"2867",0
"2868",0.298062813813749
"2869",-2.96004697762906
"2870",2.31311762508497
"2871",0.894638173780304
"2872",1.42473547288327
"2873",-1.92076823598017
"2874",0.099403586713942
"2875",-0.808024746468305
"2876",2.62938939573454
"2877",-1.37526725520374
"2878",1.22881860808732
"2879",1.06900920842534
"2880",0.289575491925564
"2881",0.192585519321398
"2882",0.33613477027048
"2883",-0.818295781517442
"2884",0.289575491925564
"2885",-0.434678298521485
"2886",1.58466701410491
"2887",2.40068013010752
"2888",-0.0465224479198056
"2889",0.741774379407989
"2890",2.01195629835271
"2891",2.10534091978323
"2892",-2.96917898074032
"2893",2.12341386795831
"2894",1.06715107878403
"2895",-0.888499847704294
"2896",-1.66483035281217
"2897",0.362319236942055
"2898",1.03441444054435
"2899",0.757748221191168
"2900",0.221778755795476
"2901",-3.37946104245197
"2902",-1.47740452713077
"2903",0.741430643922758
"2904",4.11543492565998
"2905",-1.38302449820453
"2906",-0.269905696916517
"2907",0.852214173242993
"2908",0
"2909",0
"2910",2.47035058958907
"2911",-0.699609324896144
"2912",1.22112289280696
"2913",2.31372789117592
"2914",0.96944910997272
"2915",-0.0839278269994637
"2916",-1.4802554064222
"2917",-1.45925336195845
"2918",-2.894939004611
"2919",2.33131297319118
"2920",1.55309420308769
"2921",0.0427990590740279
"2922",-2.3815804116837
"2923",0.087604035387967
"2924",2.59305799210026
"2925",-3.03184763864222
"2926",-4.86582467495453
"2927",-2.33546345827458
"2928",0
"2929",4.07463772946151
"2930",-2.43410410050751
"2931",2.02491962415414
"2932",2.69679264275071
"2933",1.10254700117078
"2934",0.262812240626964
"2935",-0.52631700442749
"2936",-1.41720706783759
"2937",1.19708811477364
"2938",0.3958659227286
"2939",1.5679763746494
"2940",1.54376993845831
"2941",0.720800237577945
"2942",0.0844594644801244
"2943",-1.44560340557875
