IFX,SDF
11.41,21.95
11.28,22.45
11.29,22.31
11.76,21.19
12.27,21.5
12.44,21.69
11.61,21.68
11.51,22.7
11.6,23.16
11.44,23.02
11.57,22.97
11.74,23
11.58,22.92
11.69,23
11.36,23
11.41,23
11.52,23
11.82,23.14
12,22.93
11.69,22.95
11.9,23.11
12.04,24
12.2,24.11
11.85,24.5
11.68,25
11.84,24.68
12.06,25.4
11.96,25.38
11.87,25.43
11.82,25.67
11.64,25.74
11.55,25.64
11.72,25.93
11.84,25.88
11.93,25.8
11.52,26.25
11.29,27.5
11.1,26.4
11.46,26.02
11.35,26
11.41,26.31
11.32,26.2
11.74,26.2
11.69,26.26
11.98,26.3
11.83,26.02
11.82,26.27
11.58,26.06
11.41,26.18
11.06,25.95
11.25,25.89
10.88,25.55
10.65,25.41
10.95,25.96
11.06,25.45
11.2,24.85
10.88,24.35
10.92,24.55
11.15,25.3
11.02,25.39
11.09,25.85
11.54,25.74
11.63,25.85
11.9,25.95
12.15,25.95
12.39,26.35
12.89,26.85
12.61,26.7
12.4,26.9
12.64,26.88
12.64,26.88
12.64,26.88
12.57,26.9
12.32,27.24
11.95,27
11.75,27.2
11.74,27.73
12.02,28.06
11.37,28.22
11.36,27.75
11.3,28
11.33,28.02
11.33,28
10.94,28.09
10.82,27.21
10.69,27.84
10.95,27.35
10.83,26.65
10.81,27.09
10.45,25.97
10.84,25.75
10.48,24.48
10.7,25.18
10.54,24.99
10.73,25.81
10.51,25.84
10.18,24.95
10.31,25.36
10.65,26.1
10.55,26.04
10.58,26.19
10.67,25.93
10.73,25.83
10.9,25.77
11.04,25.76
11.07,26.28
11.03,26.21
10.77,26
10.79,26.16
10.76,26.33
11.03,26.23
11.18,26.7
11.29,26.73
11.13,26.55
11.11,26.25
10.89,26.01
10.72,25.7
10.86,25.82
10.88,25.95
10.64,26.42
10.56,27.25
10.64,27.2
10.55,26.81
10.65,27.02
10.82,27.77
10.84,27.61
10.97,27.75
11.04,27.74
11.03,27.91
10.91,28.1
10.7,28.04
10.68,28.12
10.44,27.39
10.21,27.4
10.05,27.39
10.13,27.57
9.85,27.56
9.81,27.76
9.67,27.6
9.52,28.4
9.63,28.37
9.3,28.13
9.57,27.99
9.8,28.15
9.45,27.89
9.38,28.14
9.01,27.9
9.05,27.81
8.94,28.1
9.16,30.15
9.09,30.77
8.92,29.98
8.9,30.27
8.46,30.6
8.57,31.1
8.23,30.77
8.15,30.51
8.34,30.7
8.08,30.87
7.8,32.34
7.85,32
8.17,32.36
8.2,32.43
8.37,32.9
8.39,33
8.26,32.72
8.49,32.7
8.43,33.3
8.32,33.08
8.48,33.08
8.45,32.87
8.36,32.61
8,32.6
8.17,32.6
8.13,32.8
7.81,33.88
7.97,34.62
7.95,34.73
7.82,34.8
7.85,34.58
8.25,34.6
8.47,34.67
8.37,34.43
8.32,33.89
8.46,33.66
8.49,33.8
8.61,33.75
8.77,34.64
8.5,34.35
8.36,34.5
8.41,34.22
8.25,34.58
8.25,34.5
8.31,34.6
8.22,34.64
8.49,34.95
8.73,34.79
8.75,34.95
8.75,34.99
8.76,34.7
8.57,34.85
8.47,35.06
8.24,34.82
8.45,34.68
8.32,34.65
8.29,33.7
8.22,33.44
8.33,33.5
8.27,32.8
8.35,32.99
8.35,32.94
8.14,32.47
8.16,32.35
8.34,32.47
8.48,32.6
8.54,32.66
8.45,32.85
8.54,33.23
8.62,33.48
8.5,33.39
8.62,33.68
8.65,33.18
8.53,33.63
8.5,33.53
8.55,33.62
8.57,33.43
8.66,34.45
8.58,34.68
8.95,36.2
9,36.39
8.99,37.09
8.86,36.94
8.69,37.4
8.5,37.31
8.45,36.9
8.47,36.48
8.41,37.03
8.33,37.92
8.34,38.2
8.43,38.55
8.49,39.2
8.41,39.28
8.47,39.43
8.32,39.12
8.08,38.53
8.15,38.32
8.17,38.94
8.16,38.75
8.23,39.11
8.22,39.4
7.97,39.09
7.9,39.11
7.92,38.78
8.02,39.14
7.96,39.2
7.96,39.2
7.91,38.99
7.96,38.89
7.95,39.24
7.98,39.1
7.98,39.1
8.12,39.66
7.98,39.75
7.9,37.96
7.92,36.48
7.95,37.24
7.96,37.28
7.71,36.8
7.48,37
7.55,36.75
7.57,36.8
7.5,36.55
7.37,36.2
7.38,36.3
7.24,36.37
7.18,36.61
7,36.79
6.95,36.88
7.08,36.8
7.13,36.5
7.02,37.77
7.12,38.45
7.24,38.71
7.15,39.36
6.95,39.44
7.09,39.06
7.23,39.52
7.5,39.59
7.52,40.03
7.45,39.67
7.56,41.15
7.73,41.16
7.7,41.2
7.55,41.62
7.45,41.41
7.51,41.86
7.68,42.15
7.85,41.5
7.84,41.39
8,41.44
8.07,42.19
7.88,42.59
7.92,43
8,43
7.77,43.51
7.7,43.73
7.65,43.58
7.66,43.93
7.62,44.26
7.56,43.1
7.6,42.77
7.6,42.7
7.49,42.84
7.37,42.4
7.35,43.05
7.24,43.83
7.26,42.95
7.33,43.12
7.35,41.8
7.45,42.7
7.45,42.7
7.45,42.7
7.31,42.64
7.35,43.34
7.4,43.62
7.43,44.97
7.3,44.49
7.21,44.06
7.34,44.3
7.39,44.49
7.47,44.87
7.38,44.96
7.34,44.95
7.31,45.28
7.25,45.64
7,43.4
6.84,42.11
6.85,42.67
6.9,42.2
6.95,42.2
6.95,42.34
7.09,42.59
6.92,43
6.83,41.9
6.59,39.55
6.43,39.19
6.58,40.71
6.61,40.58
6.66,39.85
6.94,40.95
7.05,42.02
7.05,41.2
6.89,41.85
6.83,42.99
6.9,42.01
7.12,40.7
7.1,40.12
7.07,40.12
7.29,40.55
7.26,41.52
7.26,42
7.29,42.82
7.14,43.05
7,42.18
7.12,42.74
7.2,42.91
7.1,43.07
7.12,43.25
7.23,43.2
7.45,43.46
7.52,43.7
7.27,44
7.32,44.04
7.33,43.9
7.33,44.09
7.71,44.38
7.63,44.37
7.65,44.3
7.53,44.35
7.69,44.88
7.71,46.5
7.63,46.33
7.61,45.3
7.77,45.77
7.95,45.42
7.68,45.42
7.56,44.93
7.64,46.42
7.75,46.68
7.72,45.78
7.75,46.99
7.74,47.35
7.76,46.81
7.77,46.96
7.53,46.53
7.83,46.67
8.09,47.11
8.07,47.04
8.1,46.6
8.39,46.72
8.41,46.55
8.31,47.74
8.53,48.12
8.54,48.7
8.56,49.08
8.43,50.26
8.24,50.05
8.35,50
8.14,49.9
8.09,52
8.13,51.75
8.05,51.5
8.28,51.88
8.27,51.93
8.11,52.62
7.88,51.88
7.88,52.27
7.96,52.5
8.12,52.1
7.78,52.46
7.7,52.36
7.68,52.46
7.57,52.35
7.77,51.94
7.89,50.76
7.99,51
8,51.98
8.01,50.85
7.95,50.31
7.89,50.49
7.7,50.85
7.71,51.02
7.6,51.17
7.57,51.07
7.52,52.83
7.48,53.9
7.55,54.38
7.72,54.85
7.85,55.45
7.92,56.32
8.06,55.16
8.04,55.53
8.01,54.48
7.92,53.84
7.91,54.57
7.93,55.2
8,55.02
7.99,55.85
7.9,55.9
7.75,55.84
7.74,55.47
7.96,56.9
7.77,57.7
7.99,57.9
7.98,58.4
8.18,58.74
8.32,58.31
8.51,59
8.3,59.1
8.14,57.9
8.15,57.2
8.16,57.87
8.26,58.25
8.07,57.48
8.03,55.33
8.16,53.56
8.14,52.93
8.11,54.89
7.85,52.01
7.9,52.78
7.94,52.47
7.98,54
7.93,54.23
7.94,55.02
7.65,53.5
7.6,53.55
7.8,54.73
7.8,55.72
7.86,54.9
8.1,54.82
8.08,54.45
8.16,53.98
8.07,52.62
8.19,51.76
8.27,52.28
8.44,52.85
8.41,54.57
8.28,54.38
8.14,54.39
7.95,54.68
8,54.96
7.92,54.99
7.78,53.74
7.81,53.12
7.79,53.15
7.76,53.43
7.78,53
7.71,53.03
7.6,53.73
7.85,53.2
7.94,53.36
7.73,53.06
7.87,52.92
7.76,52.98
7.85,52.23
7.78,52.96
7.84,52.25
7.67,51
7.72,51.37
7.75,51.63
7.83,52.07
7.85,51.8
7.76,51.98
7.88,52.4
7.82,51.84
7.8,52.37
7.8,52.37
7.8,52.61
7.78,51.4
7.78,52.17
7.73,51.05
7.75,52.2
7.77,53.53
8,55.05
8.19,54.8
8.42,56.74
8.35,56.51
8.23,56.43
8.28,56.65
8.28,56.29
8.15,56
8.16,56.52
8,55.21
7.86,53.45
7.99,54.41
7.62,53.57
7.79,52.98
7.89,52.61
7.9,53.72
7.95,54.43
7.85,55.73
7.84,55.4
7.75,56.29
7.76,57.15
7.67,56.47
7.63,56.82
7.76,57.52
7.91,56.94
8,55.4
8.05,56.52
7.98,57.42
8,57.16
8.08,57.07
8.2,57.2
8.17,57.06
8.2,58.34
8.16,58.41
8.11,58.9
7.98,61.29
7.95,60.91
7.91,62.15
7.87,63.49
7.74,62.92
8,63.49
7.98,62
7.99,62.6
7.96,62.6
7.99,62.43
7.91,61.22
7.96,61.79
8,62.1
7.99,63.65
8.02,63.1
8.21,63.5
8.33,63.4
8.29,63.69
8.25,65.45
8.37,65.33
8.22,64.85
8.93,65.98
8.45,67.17
8.35,66.92
8.28,65.78
8.23,65.29
8.45,66.54
8.51,66.6
8.57,66.62
8.7,66.96
8.66,66.55
8.76,66.2
8.7,66.81
8.68,65.7
8.5,64.4
8.61,64.21
8.87,63.78
8.87,63.78
8.87,63.78
8.76,63.98
9.05,65.33
9.35,65.59
9.28,67.32
9.2,68.55
9.45,68.55
9.56,70.66
9.65,69.85
9.69,71.6
9.71,73.45
9.72,73
9.66,73.73
9.79,76.84
9.95,76.41
9.68,75.24
9.37,72.05
9.37,70.96
9.03,67.78
9.08,65.85
9.01,67.53
8.75,64.55
8.7,64.02
8.71,64.38
8.55,60.39
8.87,64.56
8.68,63.06
8.82,63.1
8.89,65.45
8.9,66.71
8.66,64.51
8.81,65.09
9.05,64.5
9.13,65.6
8.96,66.15
8.62,62.42
8.6,64.03
8.26,60.3
8.56,60.46
8.47,59.16
8.32,56.05
8.22,54.9
8.22,54.9
8.22,54.9
8.55,59.32
8.59,60.62
8.62,59.66
8.75,60.91
8.71,60
8.79,60.13
8.66,60.04
8.55,59.19
8.76,61.62
8.71,63.07
8.82,63.49
8.82,64.22
8.71,62.27
8.78,62.48
8.83,63.35
8.98,63.95
8.73,62.95
8.76,62.4
8.52,61.21
8.38,59.25
8.42,58.49
8.46,56.89
8.73,59.9
8.92,59.68
8.31,58.05
8.51,58.8
8.47,58.66
8.27,59.05
8.21,61.07
8.25,59.8
8.36,58.76
8.3,59.39
8.46,59.39
8.43,58.65
8.56,58.16
8.42,58.46
8.28,58.48
8.42,57.13
8.38,60.98
8.35,62.15
8.45,62.47
8.7,62.09
8.87,62.82
8.94,63.3
8.81,62.26
8.68,61.94
8.76,60.96
8.66,60.53
8.74,60.75
8.85,60.62
9.03,60.83
9.17,60.9
9.24,60.51
9.17,60.48
9.13,61.88
9.13,61.8
9.11,60.85
9.12,60.55
9.05,59.43
9.16,59.75
9.29,58.89
9.68,58.15
9.69,59.46
9.68,58.6
9.71,58.91
9.75,59.33
9.61,58.26
9.73,58.09
9.76,59.35
9.5,60.55
9.49,61.4
9.75,63.19
9.71,63.22
9.17,63.23
9.35,63.2
9.31,64.66
9.25,62.7
9.54,63.85
9.51,65.69
9.6,65.71
9.58,66.16
9.64,66.73
9.68,66.06
9.76,67.7
10.03,67.1
10.24,67.72
10.09,66.15
10.07,68.28
9.85,68.96
9.65,68
9.75,69.26
9.71,70.26
9.54,73.46
9.55,73.25
9.53,72.11
9.51,72.04
9.54,74.15
9.39,74.2
9.29,74.52
9.26,74.53
9.47,75.36
9.62,75.75
9.54,75.59
9.46,75.54
9.3,75
9.28,75.12
9.47,74.8
9.79,75.08
9.57,75
9.78,74.75
9.88,73.67
9.84,73.75
9.96,74.8
9.9,75.61
9.86,75.25
9.66,73.81
9.57,72.55
9.74,75.2
9.68,73.62
9.7,74.15
9.87,76
9.91,78.07
10,79.48
10.13,78.24
10.15,78.88
10.21,79.52
10.26,79.49
10.44,80.9
10.4,80.65
10.41,81.08
10.41,81.69
10.32,79.93
10.41,80.9
10.5,80
10.49,79.17
10.49,79.17
10.49,79.17
10.6,80.24
10.56,81.25
10.68,82.2
10.68,82.2
10.66,82.25
10.77,80.9
10.82,78.67
10.7,75.66
10.88,75
10.94,76.5
10.96,73.98
11.2,75.34
11.18,77.9
11.21,79.15
11.21,78.75
11.35,77.48
11.09,76.7
10.86,78.37
10.74,78.71
10.72,78.57
10.74,79
11,80.62
11.09,79.39
11.19,80.26
11.17,80.84
10.97,83.36
10.98,84.56
11.07,84.49
10.96,83.9
10.8,82.2
11.96,86.73
12.16,84.3
12,85.75
12.15,86.31
12.1,87
12.27,90.03
12.13,89.08
12.27,87.86
12.16,90.88
12.23,88.66
12.05,89.03
11.99,89.66
11.93,88
11.86,88.98
11.6,82.7
11.6,81.52
11.43,79.88
11.38,80.69
11.33,78.69
11.29,79.38
11.26,80.7
11.49,81.05
11.37,79.6
11.44,79.01
11.41,80.35
11.09,76.15
11.08,80.28
11.26,79.2
11.37,81.41
11.41,82.12
11.53,81
11.77,84
11.71,82.73
11.7,81.22
11.54,81.25
11.54,79.81
11.63,82.45
11.65,82.34
11.56,82.35
11.64,85.5
11.6,88
11.6,88.35
11.6,88.35
11.6,88.35
11.55,89.95
11.53,87.05
11.78,86.9
11.6,91.9
11.69,95.7
11.63,97.45
11.56,95.8
11.55,95.62
11.44,97.89
11.33,98.25
11.54,95.15
11.71,96.3
11.9,96.01
11.63,95.12
11.46,96.42
11.46,96.42
11.37,96.49
11.21,93.72
11.44,95.31
11.39,93.81
11.34,93
11.31,93.83
11.21,90.43
11.07,92.86
10.96,92.13
11.24,94.27
10.88,95.75
10.97,95.45
10.95,96.62
11.02,97.7
10.98,101.15
11.03,102.45
11.23,102.13
11.16,103.64
11.16,103.64
11.17,104.35
11.18,103.7
11.52,106.7
11.77,107
11.73,107.72
11.71,106.78
11.37,101.3
11.34,100.24
11.44,101.64
11.43,105.14
11.4,103.5
11.57,104.79
11.75,105.9
12.05,107.39
12.2,109.15
12.28,110.97
12.66,111.65
12.81,109.1
12.52,110.62
12.36,111.26
12.24,110.53
12.16,108.5
12.32,112.6
12.31,114.06
12.54,115.46
12.59,117.4
12.73,116.45
12.68,114.61
12.85,115.59
12.92,117.11
12.95,115.15
12.94,114.06
13.41,116.59
13.37,116.43
13.44,117.01
13.29,116.99
13.01,114.23
13.13,114.9
12.97,115.21
12.89,113.81
12.63,111.06
12.55,107.65
12.2,104.19
12.21,103.32
12.15,106.69
12.16,109.01
11.78,103.22
11.87,105.09
11.76,106.96
11.3,106.76
11.1,107.64
11.29,117.85
11.22,116.5
10.76,110.18
11.11,112.97
11.16,105.33
11.08,101.5
10.72,94.72
10.76,93.11
10.84,95.46
10.86,97.25
11.16,99.55
11.03,101.67
11.03,99.6
10.92,101.28
10.7,97.89
10.7,100.14
11.01,101.32
11.42,105.39
11.6,105
11.69,105.67
11.54,102.89
12.12,103.27
12,99.86
12.05,99.8
12.05,102.53
11.83,103.19
11.78,101.06
11.6,111.52
11.62,106.85
11.81,108.25
11.88,115.09
11.86,115.77
12.01,118.95
11.65,127.42
11.56,124.34
11.66,125.14
11.77,130.98
12.09,128.56
11.95,125.31
11.84,128.02
11.75,126.51
11.4,124.73
11.14,123.37
11.25,124.19
11.09,128.54
11.11,129.01
11.09,130.09
10.9,131.94
10.75,132.01
10.82,130.52
11.05,130.77
10.96,129.46
10.62,128.72
10.38,126.8
10.3,128.21
10.17,128.7
10.23,130
10.23,144.38
10.29,141.88
10.21,141.9
10.13,144.31
9.8,140.44
9.82,140.15
9.62,138.87
9.53,147.92
9.33,152.59
9.04,150.53
9.11,146.68
9.29,132.51
9.25,139.45
9.5,135.03
9.1,126.55
8.15,128.15
8.05,124.01
7.97,127.85
7.62,120.48
7.75,118.84
7.69,113.97
7.8,115.19
7.66,115.5
7.98,124.64
8.01,129.32
8.15,139.28
8.18,140.35
8.07,149.79
8.75,145.32
8.67,147.35
8.79,149.25
8.85,149.2
8.87,143.9
8.85,148.96
8.52,145.88
8.55,148.47
8.12,144.32
8.03,147.75
8.15,147.47
8.05,150
8.12,161.87
8.12,161.87
8.12,161.87
8.12,161.87
8.16,161.99
8.07,162.75
8.07,162.75
8.07,162.75
8.13,167.35
7.97,170.44
7.68,165.75
7.36,163.99
7.34,170.66
7.01,171.88
6.99,170.22
6.77,169.64
6.94,175.53
6.69,177.72
6.44,159.36
6.77,150.1
6.72,149.14
6.47,137.83
6.5,151.22
6.08,149.93
6.24,165.57
6.31,169.87
6.16,162.92
6.37,175.36
6.74,166.66
6.77,168.28
7.2,175.09
7.24,178.75
7.01,174
6.7,176.58
5.79,168.47
5.6,173.74
5.72,167.25
5.74,182.76
5.81,182.33
5.67,189.81
5.46,184.13
5.5,189.89
5.4,195.85
5.43,195.28
5.41,195.89
5.31,202.2
5.35,200.98
5.44,209.21
5.43,195.64
5.33,193.89
5.36,192.76
5.34,191.8
5.06,190.74
5.12,187.87
4.92,192.76
4.88,186.18
4.76,172.33
4.72,176.33
4.73,183.01
4.56,192
4.44,197.65
4.18,184.5
4.31,195.62
4.19,190.25
4.08,177.15
4.08,177.15
4.08,177.15
4.51,193.08
4.41,197.75
4.44,205.5
4.4,207.29
4.45,207.31
4.87,213.43
5.07,220.01
4.88,225.17
4.94,225.36
5.08,223
4.74,221.99
4.66,228.28
4.6,227.51
4.73,226.49
4.66,241.68
4.57,248
5.02,260.42
4.96,241.2
5.23,258.44
5.02,278.65
5.14,275
5.57,282.1
5.75,267
5.81,264.14
5.96,273.37
6.02,262.36
6.01,269.59
6.31,269.37
6.32,267.13
6.46,267.94
6.67,282
6.59,290.06
6.42,284.29
6.51,284.5
6.76,295.7
6.77,318.18
6.81,315.33
6.9,310.15
7.11,332.3
6.72,313.46
6.26,312.96
6.57,317.19
6.29,302.14
6.135,297.49
6.06,288.27
6.25,296.82
5.625,307
5.79,301.34
5.67,305.2
6.09,316.16
6.2,329.96
6.23,329.49
6.06,322.43
5.9,328.5
5.855,333.28
5.955,349.76
6.285,351.6
6.34,357.83
6.495,370.44
6.67,373.15
6.63,356.97
6.515,376.02
6.35,383.61
6.19,376.5
6.04,369.36
6.13,362.08
5.805,368.57
5.685,363.07
5.53,366.3
4.85,354.93
4.69,331.78
4.62,313.52
4.71,326.5
4.785,325.25
4.56,325.55
4.82,343.01
4.615,350.99
4.39,345
4.52,351.74
4.365,339.5
4.48,324.5
4.91,334.15
5.32,304.77
5.24,75.79
4.845,75.46
5.08,69.57
4.83,65.33
5.085,65.45
4.84,69.81
5.795,71.29
5.56,73.65
5.66,78.36
5.67,77.65
5.945,76.8
6.045,77.46
6.12,78.96
5.66,82.28
5.95,80
5.85,82.8
5.9,80.4
6.25,77.14
6.225,71.94
5.88,71.24
5.8,65.63
6.11,67.39
6.04,62.8
5.945,62.4
6.1,62
6.08,68.05
5.935,63.87
5.63,60.97
5.2,58.43
5.04,60.08
5.555,57
5.28,57.07
5.35,57.26
5.275,56.72
5.175,56.68
4.9,52.86
3.66,45.84
3.915,48.64
4.05,45.75
4.1,40.2
4.115,43.56
3.68,38.14
3.89,39.67
3.685,37.55
3.18,38.78
2.745,38.63
3.14,44.23
2.78,43.86
2.43,38.83
2.565,35.65
2.685,33.51
2.765,34.58
2.615,35.73
2.685,32.99
2.57,31.49
2.39,30.51
2.12,30.09
2.045,28.65
2.355,32.83
2.46,30.32
2.455,30.68
2.7,31.43
3.055,35.53
2.865,34.27
2.585,31.36
2.7,33.23
2.64,35.27
2.495,33.36
2.305,31.71
2.265,31.59
2.21,32.58
2.14,31.91
2.11,32.17
1.86,30.48
1.75,28.42
1.715,27.72
1.92,29.55
2.07,31.9
2.005,32.58
1.93,35.58
1.85,35.26
1.685,31.78
1.655,32.3
1,32.06
0.975,32.42
0.94,30.25
0.88,32.79
0.785,33.36
0.755,34.6
0.68,36.21
0.65,36
0.665,36.83
0.685,37.88
0.66,38.23
0.66,39.99
0.66,37.62
0.7,37.7
0.805,37.02
0.805,37.02
0.805,37.02
0.805,37.02
0.825,38.9
0.96,39.97
0.96,39.97
0.96,39.97
1.005,41.29
1.14,42.17
1.175,43
1.19,43.06
1.065,42.36
0.97,40.37
0.915,37.88
0.93,40
0.895,37.64
0.84,38.8
0.705,38.95
0.815,36.95
0.725,35.01
0.75,36.56
0.715,36.48
0.68,36.21
0.63,37.3
0.67,37.42
0.73,38.73
0.715,38.23
0.7,37.15
0.665,37.2
0.665,37.01
0.69,39.85
0.725,41.79
0.82,44.09
0.85,45.27
0.79,42.64
0.76,42.96
0.725,41.86
0.725,42.41
0.695,42.81
0.675,40.59
0.67,38.87
0.625,39.4
0.6,37.38
0.53,36.06
0.52,34.77
0.52,35.84
0.49,36.61
0.475,35.53
0.5,33.88
0.485,32.14
0.485,35.24
0.47,32.04
0.41,32.52
0.39,33.08
0.4,34.13
0.43,34.02
0.47,31.5
0.47,32.59
0.545,33.05
0.535,32.67
0.62,32.41
0.685,34.29
0.685,35.06
0.795,35.36
0.925,35.94
0.91,36.31
0.915,36.6
0.815,35.95
0.79,34.29
0.87,34.93
0.85,34.8
0.89,38.7
0.91,39.72
1.12,40.72
1.11,39.62
1.205,39.9
1.35,42.46
1.35,42.46
1.345,44.1
1.37,44.54
1.495,46.24
1.665,45.87
1.62,42.74
1.63,43.76
1.77,44.63
1.835,43.08
1.88,44.67
1.825,44.37
1.73,44.55
1.9,46
2.015,45.55
2.015,45.55
2.29,48.26
2.59,48.55
2.46,49.11
2.6,48.32
2.3,50
2.06,48.26
2.125,48.45
1.935,47.29
2.06,44.85
2.17,47.99
2.14,48.46
2.43,49.87
2.42,53.2
2.33,50.94
2.355,53.58
2.32,52.27
2.25,52.25
2.335,52.18
2.17,52.74
2.22,52.48
2.39,55.36
2.415,55.98
2.35,54.57
2.47,52.73
2.565,53.09
2.445,51.09
2.515,51.74
2.59,52.82
2.705,53.26
2.7,53.15
2.515,50.22
2.495,49.28
2.26,42.4
2.355,41.49
2.29,41.97
2.19,39.26
2.245,40.43
2.38,42.4
2.49,41
2.53,40.01
2.555,40.81
2.575,40.03
2.64,41.42
2.475,41.04
2.43,40.16
2.46,39.43
2.46,39.75
2.685,39.15
2.58,39.83
2.72,37.89
2.855,36.75
2.89,37.11
3.125,38.14
3.495,38.88
3.32,37.84
2.86,38.71
3.045,39.13
2.995,39.11
2.97,39.9
2.855,40.58
2.755,41.56
2.66,39.82
2.73,40.84
2.85,40.95
2.89,39.38
2.875,39.2
2.895,39.15
2.74,38.91
2.77,38.59
2.91,38.37
2.93,38.07
2.92,37
2.91,37.23
3.09,36.94
3.24,36.21
3.24,35.57
3.39,35.72
3.36,36.63
3.42,37.37
3.39,38.65
3.35,39.53
3.34,38.78
3.34,38.35
3.365,36.27
3.505,36.23
3.665,35.36
3.595,35.07
3.46,35.2
3.595,35.68
3.73,36.5
3.76,37.52
3.82,37.53
3.845,37.24
3.96,36.82
4,37.76
3.85,37.55
3.885,37.75
3.81,39.37
3.7,40.3
3.53,39.62
3.595,38.1
3.64,37.59
3.73,37.36
3.53,36.83
3.505,36.81
3.525,37.46
3.67,36.83
3.855,37.29
3.76,36.47
3.63,36.29
3.725,36.43
3.82,37.61
3.79,38.22
3.785,38.91
3.78,38.35
3.97,38.48
3.865,37.92
4.02,39.21
3.87,38.82
3.765,38.97
3.835,40.25
3.88,40.9
3.72,40.82
3.56,40.2
3.475,41
3.375,39.56
3.12,39.05
3.045,37.85
3.235,38.45
3.065,37.18
3.19,37.19
3.055,37.58
3.27,38.53
3.205,38.71
3.23,38.78
3.22,39.05
3.165,38.6
3.385,37.85
3.34,38.5
3.385,38.8
3.495,38.41
3.435,40.14
3.465,40.59
3.215,39.45
3.105,40.4
3.18,41.51
3.25,41.61
3.21,43.29
3.075,41.72
3.22,40.78
3.19,40.12
3.31,42.78
3.285,43.03
3.29,43.56
3.305,43.39
3.34,42.55
3.375,41.1
3.37,40.91
3.365,41.6
3.32,42.25
3.38,42.44
3.425,41.95
3.565,41.71
3.44,40.91
3.58,40.93
3.72,41.56
3.855,40.83
3.79,40.04
3.84,40.55
3.885,40.41
3.88,39.99
4.104,41.74
4.238,44.525
4.181,45.02
4.112,46.2
4.18,46.04
4.06,45.68
3.985,44.305
4.111,44.73
4.162,44.335
4.046,43.66
4.049,44.26
4.017,45.11
4.003,42.97
3.9,42.11
3.766,42.38
3.82,42.145
3.898,41.765
3.816,41.31
3.904,39.86
4.019,40.82
4.208,41.17
4.343,41.97
4.22,42.635
4.11,41.35
3.959,40.795
3.958,41.35
3.98,42.03
4.001,41.955
4.06,42.24
3.942,42.985
3.848,43.65
3.973,44.5
4.089,44.29
4.116,45.775
4.157,45.72
4.19,45.27
4.091,44.53
4.037,44.555
3.907,44
4.007,44.62
4.08,45.4
4.197,46.25
4.227,46.625
4.236,46.045
4.28,47.33
4.289,46.505
4.29,46.47
4.364,46.935
4.37,45.66
4.44,46.37
4.31,45.335
4.459,45.6
4.508,46.065
4.456,45.555
4.444,44.825
4.489,44.6
4.678,44.93
4.949,45.6
5.016,46.21
5.05,45.61
5.173,45.2
5.039,44.645
5.139,44.93
5.16,44.325
5.291,44.435
5.253,44.185
5.135,43.1
5.206,43.23
5.028,42.72
5.07,42.31
5.211,43.115
5.26,43.99
5.12,43.18
5.096,42.84
5.202,43.11
5.4,42.78
5.29,42.995
5.389,43.875
5.544,43.855
5.26,43.775
5.25,43.15
5.352,43.59
5.343,43.33
5.287,43.185
4.881,41.89
4.862,40.93
4.79,41.52
4.531,40.64
4.937,42.28
4.914,42.43
5.142,41.915
5.22,41.75
5.038,40.61
5.082,40.625
5.053,40.81
4.732,39.47
4.635,38.5
4.706,37.405
4.643,36.935
4.209,35.94
4.415,36.68
4.595,37.45
4.574,37.085
4.661,36.605
4.465,36.955
4.496,37.455
4.678,37.685
4.561,37.04
4.502,36.9
4.423,36.8
4.57,37.555
4.68,38.035
4.813,39.33
4.94,39.43
5.107,39.305
5.095,39.29
5.217,40.09
5.244,39.85
5.312,40.55
5.258,40.745
5.198,40.945
4.962,40.365
4.952,39.66
5.092,39.805
4.831,38.46
4.818,37.88
4.749,37.135
4.73,36.98
4.757,36.945
5,37.815
4.94,38.13
5.007,38.26
5.083,38.765
5.038,38.365
5.18,38.34
5.306,38.28
5.125,37.9
4.96,38.9
4.923,38.775
4.866,38.62
4.94,39.085
5.022,40.4
5.05,40.895
5.043,40.9
5.049,41.19
5.182,40.39
5.083,40.39
5.179,40.74
5.276,42.4
5.225,42.38
5.197,42.64
5.055,43.5
5.041,44.105
5.09,43.99
4.988,43
4.744,42
4.69,41.285
4.692,42.325
4.711,41.54
4.814,43.9
4.8,44.585
4.735,43.6
4.625,42.625
4.614,43.5
4.473,42.87
4.423,41.895
4.654,41.8
4.61,41.49
4.44,41.44
4.401,41.28
4.56,41.89
4.596,41.86
4.502,42.085
4.49,42.325
4.33,41.47
4.254,42.49
4.324,42.665
4.3,42.995
4.34,42.91
4.301,42.785
4.452,42.38
4.526,41.785
4.624,43.2
4.762,45.22
4.723,44.875
4.849,44.48
4.761,44.145
4.886,44.425
4.848,44.86
4.858,45.05
5.035,44.585
5.081,43.915
5.125,43.485
4.997,43.35
5.14,44.095
5.081,44.67
5.159,44.4
5.234,46.13
5.292,45.95
5.35,45.835
5.488,46.53
5.447,46.185
5.631,46.42
5.6,46.81
5.495,46.1
5.609,45.945
5.642,46.27
5.662,46.325
5.8,46.895
5.85,48.25
5.688,49.41
5.725,49.535
5.656,50.01
5.65,50.05
5.673,50.85
5.664,51.09
5.88,52.03
5.952,52.55
6.144,52.49
6.248,52.6
6.018,52.1
5.893,50.73
6.018,49.975
5.97,49.95
6.223,48.4
6.307,48.8
6.613,49.015
6.587,49.265
6.503,48.25
6.389,49.02
6.556,51.1
6.76,51.99
6.831,51.72
6.776,50.52
6.846,51.41
7.045,52.55
7.179,52.72
7.38,53.35
7.57,54.56
7.309,55.21
7.305,54.24
6.971,53.45
7.21,53.12
7.186,53.9
7.04,54.01
6.98,54.87
7.043,54.53
7.049,55.04
7.053,55.89
7.135,56.65
7.25,56.39
7.165,56.47
6.983,56.63
7.013,56.55
7.028,56.63
6.963,56.36
7.217,57.03
7.02,56.95
7.02,56.12
7.03,56.73
7.034,56.31
6.813,55.47
7.163,56.56
7.227,56.97
7.228,56.5
7.34,55.5
7.394,55.62
7.791,56.03
7.537,55.82
7.306,53.48
7.27,52.55
7.221,51.85
7.57,52.74
7.691,53.9
7.765,53.76
7.735,53.48
7.721,53.99
7.822,54.9
7.97,56.47
8.023,57.2
8.03,57.54
8.2,58
8.27,57.5
8.14,58.19
8.134,57.67
8.2,57.84
8.227,58.31
8.071,58.6
8.106,57.64
8.036,57.7
8.001,57.43
7.821,56.75
8.011,56.5
7.668,54.4
7.663,54.36
7.777,55.48
7.928,55.95
7.858,56.02
7.78,56.88
7.82,56.69
7.69,56.54
7.733,56.03
7.768,56.1
7.482,55.25
7.212,54.24
7.325,51.67
7.244,51.28
6.928,49.025
6.909,49.315
6.972,49.965
6.827,50.62
7.165,51.73
7.14,50.83
7.1,51.44
7.24,53.05
7.23,53.24
7.2,52.85
7.124,52.7
7.294,53.4
7.235,53.27
7.354,54.26
7.463,54.6
7.75,55
7.62,55.14
7.458,54.84
7.282,54.99
7.356,54.26
7.01,53.3
7.057,53.1
6.91,52.98
6.993,53.65
7.105,52.97
7.14,53.08
7.446,54.85
7.416,54.85
7.65,54.73
7.61,54.3
7.625,54.14
7.664,54.63
7.74,56.1
7.92,55.73
7.863,53.84
7.875,53.04
7.908,53.16
7.995,53.57
8.238,53.97
8.23,53.94
8.277,52.46
8.187,52.09
8.183,52.7
7.867,51.6
7.909,52.37
8.091,52.82
8.03,52.2
7.709,51.92
7.865,53.27
7.858,53.67
7.78,53.5
7.869,53.55
7.852,53.92
8.041,55.36
7.982,54.47
7.788,53.53
7.842,53.77
7.78,54.4
7.889,54.47
7.694,53.57
7.645,54.49
7.461,53.65
7.464,54.09
7.603,54.48
7.474,53.98
7.395,53.48
7.265,52.8
7.271,53.05
7.363,53.76
7.423,53.32
7.3,52.23
7.367,51.8
7.36,51.2
7.416,52.22
7.679,53.69
7.752,53
7.865,53.46
8.015,54.8
7.94,55.26
8.029,55.34
8.115,55.56
7.937,55.48
7.762,54.75
7.483,54.22
7.5,55.48
7.44,55.3
7.265,55.41
7.103,54.98
7.447,55.74
7.21,55.14
7.124,55.31
7.211,56.1
7.263,56.57
7.206,56.1
7.199,56.05
6.951,55.77
7.007,55.77
6.872,54.84
6.672,53.08
6.402,51.78
5.955,48.92
5.945,47.51
5.452,42.265
5.788,42.995
5.594,42.325
6.025,43.8
6.295,44.935
6.191,45.71
6.055,45.795
5.822,45.925
5.504,43.025
5.559,42.575
5.545,43
5.645,43.6
5.786,44.625
5.653,43.32
5.71,44.165
5.846,46.445
5.812,46.995
5.937,49
5.874,47.815
5.693,47.09
5.27,45.045
5.148,44.585
5.59,46.795
5.644,46.085
5.566,44.555
5.717,44.09
5.941,44.47
6.216,45.43
6.303,46.335
6.229,47.68
5.973,45.73
6.345,46.99
6.124,44.2
5.797,41.72
5.86,40.79
5.793,41.61
6.098,43.305
5.938,42.945
5.796,41.655
5.588,39.58
5.393,37.45
5.215,35.62
5.474,38.585
5.694,39.855
5.736,39.855
6.043,41.98
6.078,42.14
6.296,43.8
6.344,43.775
6.086,44.09
6.078,43.65
6.04,44.585
5.97,44.74
5.925,44.035
6.108,45.04
6.27,46.83
6.446,46.34
6.362,45.745
6.602,47
6.581,46.97
6.529,45.995
6.042,43.495
6.185,44.725
6.484,45.61
6.502,44.875
6.463,44.835
6.687,45.265
6.519,44.5
6.514,42.4
6.68,42.425
6.679,41.215
6.45,41.75
6.257,41.6
6.05,40.485
5.914,39.615
5.74,38.245
5.518,37.85
5.592,37.5
5.622,37.5
5.748,37.82
5.9,38.32
5.89,39.46
6.142,40.29
6.217,39.34
6.263,38.93
6.271,38.16
6.254,37.87
6.074,37.95
5.98,36.05
5.877,35.075
5.736,33.77
5.725,34.59
5.633,33.35
5.801,33.75
5.765,33.875
5.609,34.02
5.771,35.515
5.701,34.515
5.765,34.865
5.818,35.22
5.818,35.22
5.832,35.015
5.731,34.25
5.794,34.79
5.816,34.92
6.06,35.74
6.081,37.3
6.063,36.285
6.167,36.115
6.19,36.71
6.163,35.335
6.294,36.83
6.426,36.48
6.33,36.09
6.35,36.145
6.55,36.39
6.768,37.04
6.967,37.38
6.951,37.74
6.864,37
6.99,37.15
6.917,36.235
6.986,36.785
7.114,37.39
7.11,37.235
6.9,36.395
6.976,36.455
7.369,37.66
7.454,38.855
7.606,39.755
7.652,40
7.624,40.6
7.512,40.15
7.455,40.31
7.467,39.42
7.425,39.055
7.103,39.475
7.352,40.185
7.312,39.4
7.571,39.835
7.81,40.315
7.65,39.8
7.566,39.265
7.567,38.615
7.586,38.625
7.562,38.355
7.725,38.225
7.591,37.475
7.546,37.7
7.695,37.08
7.55,36.525
7.16,35.02
7.28,35.75
7.57,36.455
7.557,36.59
7.593,36.51
7.526,36.82
7.47,36.525
7.638,39.16
7.598,39.105
7.644,39.25
7.41,39.25
7.375,39.165
7.37,38.885
7.44,39.475
7.576,40.04
7.549,39.775
7.687,38.92
7.594,38.35
7.666,39.225
7.862,39.98
7.88,39.42
7.428,38.06
7.462,38.335
7.462,38.335
7.462,38.335
7.126,37.67
7.132,37.62
7.543,38.395
7.374,37.84
7.444,37.77
7.566,37.69
7.577,37.42
7.673,37.18
7.626,37.135
7.119,36.22
7.272,36.01
7.403,37.605
7.471,37.19
7.462,37.94
7.521,37.755
7.521,37.755
7.517,37.42
7.281,37.41
7.046,36.475
7.09,36.66
6.81,36.185
6.639,36.355
6.784,35.1
6.897,35.04
6.666,34.94
6.687,35
6.664,35.08
6.429,34.58
6.201,34.3
6.332,34.495
6.524,34.48
6.318,33.545
6.25,33.3
6.138,33
6.144,33.23
6.416,33.615
6.367,32.715
6.388,32.25
6.025,31.015
5.832,30.6
5.947,30.395
6.18,31.445
6.295,31.42
6.204,30.915
6.236,30.695
6.129,30.82
6.16,30.69
5.958,30.675
5.934,31.03
6.123,31.375
6.286,31.84
6.398,32.85
6.397,32.285
6.167,32.05
6.071,31.965
5.353,32.665
5.227,34.92
5.095,34.84
5.332,36
5.475,36.12
5.53,36.925
5.567,37.355
5.476,36.705
5.213,36.7
5.149,36.485
5.276,36.895
5.157,37.41
5.083,37.255
5.23,37.95
5.372,37.97
5.27,38.56
5.437,39.87
5.689,39.72
5.633,39.135
5.409,38.375
5.369,38.32
5.351,38.63
5.452,39.35
5.509,39.495
5.557,40.555
5.929,40.215
5.72,40.19
5.452,39.445
5.684,39.85
5.798,39.545
5.805,39.665
5.791,39.4
5.96,39.85
5.963,39.365
5.855,39.395
5.89,39.775
5.91,40.17
5.982,40.45
6.024,40.855
5.794,40.645
5.893,40.785
5.809,40.275
5.684,39.785
5.62,39.83
5.728,40.245
5.64,39.82
5.623,39.895
5.498,39.265
5.495,38.9
5.403,39.05
5.301,38.7
5.224,38.48
5.28,39.115
5.628,38.885
5.567,38.69
5.629,38.81
5.762,38.265
5.718,37.83
5.969,37.85
5.955,38.295
5.712,38.175
5.678,38.595
5.609,38.64
5.602,38.355
5.44,38.085
5.106,38.055
4.935,37.73
5.021,37.885
4.938,38.265
5.16,39.18
5.034,39.05
5.006,37.965
5.065,37.9
5.231,38.02
5.107,37.82
5.049,37.5
5,37.54
5.084,38.03
5.046,37.695
4.962,36.5
5.136,36.795
5.218,37.29
5.391,36.98
5.305,36.495
5.379,36.365
5.233,35.66
5.224,35.455
5.222,35.565
5.286,35.85
5.301,36.125
5.409,36.665
5.25,36.5
5.466,36.665
5.546,36.085
5.565,35.84
5.673,36.185
5.4,35.68
5.33,35.315
5.365,35.205
5.272,35.91
5.242,34.29
5.55,33.43
5.458,33.3
5.37,32.99
5.703,33.415
5.714,33.15
5.851,32.11
5.906,32.72
5.916,33.175
5.85,33.4
5.88,33.44
5.834,33.74
5.933,34.46
5.896,34.74
5.927,35
5.705,34.335
5.716,34.235
5.794,34.385
5.813,34.595
5.803,35.015
5.833,35.1
5.77,35
5.785,35.055
5.818,35.205
5.894,34.985
6.053,35.575
6.264,35.93
6.189,35.83
6.188,35.295
6.188,35.295
6.188,35.295
6.188,35.295
6.176,35.165
6.129,35
6.129,35
6.129,35
6.395,35.125
6.524,33.885
6.574,33.8
6.431,33.55
6.319,34.02
6.458,34.31
6.639,33.81
6.54,33.525
6.494,33.365
6.642,32.97
6.592,33.165
6.722,33.48
6.704,33.99
6.748,34.225
6.661,34
6.73,34.38
6.67,34.67
6.695,34.45
6.665,34.435
6.498,34.5
6.394,33.925
6.645,33.25
6.891,33.41
6.7,32.61
6.542,32.8
6.521,32.635
6.447,33.075
6.545,33.1
6.479,33.39
6.408,33.34
6.427,33.74
6.286,33.575
6.303,33.62
6.255,33.865
6.547,34.745
6.668,34.94
6.549,34.43
6.372,34.86
6.527,35.765
6.336,35.225
6.439,35.29
6.561,36.005
6.523,35.965
6.39,35.47
6.503,35.475
6.548,35.45
6.485,35.28
6.85,35.35
6.788,35.38
6.779,35.965
6.619,36.06
6.559,36.73
6.605,37.525
6.488,37.5
6.45,37.025
6.453,37.22
6.284,36.92
6.221,36.315
6.249,36.36
6.281,36.75
6.207,36.39
6.16,36.285
6.16,36.285
6.16,36.285
6.115,36.115
6.173,35.78
6.151,35.505
6.028,34.95
6.011,34.935
5.865,34.505
5.963,35.385
6.128,35.665
5.939,34.275
5.703,33.835
5.709,34.075
5.434,33.535
5.515,33.06
5.459,33.6
5.419,32.355
5.602,32.455
5.726,32.85
5.909,33.015
5.905,32.885
5.911,33.025
5.995,33.57
5.995,33.57
6.59,33.305
6.681,33.82
6.582,34.25
6.682,34.41
6.699,34.685
6.755,34.495
6.659,34.86
6.635,34.975
6.652,34.575
6.534,33.17
6.43,33.03
6.401,33.07
6.455,32.72
6.643,32.9
6.619,32.835
6.38,32.235
6.251,31.9
6.322,32.18
6.459,32.115
6.4,32.305
6.61,32.91
6.55,32.51
6.466,31.885
6.582,31.39
6.417,30.735
6.346,30.33
6.441,30.515
6.451,30.445
6.665,30.34
6.532,30.175
6.537,29.86
6.56,30.06
6.544,30.185
6.835,30.07
6.835,29.925
6.442,28.985
6.156,28.685
6.083,28.345
6.191,28.21
6.5,28.19
6.507,28.35
6.43,28.405
6.359,28.315
6.406,28.005
6.325,27.675
6.601,27.705
6.427,27.015
6.584,27.395
6.603,28.31
6.628,27.19
6.773,27.425
6.926,26.89
6.972,27
6.935,26.575
7.092,26.25
7.123,25.75
7.05,26.275
7.11,25.77
7.201,25.895
7.224,25.84
7.241,25.73
6.991,26.45
6.984,26.54
6.7,20.24
6.634,18.525
6.849,18.885
6.825,18.725
6.838,17.33
6.854,15.92
6.917,16.98
6.99,17.845
6.975,18.2
7.053,18.585
7.13,18.305
7.187,18.3
7.058,18.235
7.078,18.435
7.055,18.8
6.867,18.935
6.912,19.075
7.068,18.66
7.049,18.475
6.998,19.26
6.822,19.34
6.76,18.875
6.831,18.615
6.86,18.365
7.026,18.75
7.012,18.565
7.165,19
7.166,18.975
7.126,18.81
7.178,20.345
7.403,21.08
7.437,20.935
7.48,21.365
7.414,22.59
7.534,23.15
7.462,22.575
7.543,21.415
7.514,20.67
7.492,20.575
7.612,21.17
7.552,19.995
7.569,19.595
7.555,20.02
7.574,19.305
7.395,19.16
7.515,19.01
7.459,18.62
7.39,19.15
7.394,18.855
7.297,18.695
7.34,18.98
7.216,18.62
7.412,18.885
7.479,19.045
7.365,18.96
7.331,19.105
7.239,19.025
7.149,18.73
7.218,18.75
7.29,18.905
7.132,18.935
7.072,19.03
7.04,18.445
6.937,18.64
6.94,18.95
7.114,19.005
7.075,19.06
7.129,18.79
7.128,19.2
7.178,20.98
7.19,20.82
7.233,20.045
7.125,20.5
7.121,20.81
7.289,21.045
6.88,20.465
6.892,20.545
6.975,19.695
7.096,20.615
7.084,20.63
7.201,19.955
7.244,19.745
7.224,19.415
7.277,19.11
7.332,19.24
7.338,19.145
7.357,19.09
7.436,19.41
7.47,20.59
7.53,21.1
7.386,20.46
7.424,20.8
7.368,20.96
7.498,21.01
7.535,20.99
7.434,20.82
7.448,20.47
7.28,20
7.289,20.165
7.273,20.38
7.361,20.505
7.443,20.395
7.579,20.58
7.607,21.035
7.697,21.38
7.697,21.38
7.697,21.38
7.697,21.38
7.768,21.98
7.76,22.375
7.76,22.375
7.76,22.375
7.667,21.61
7.732,22.085
7.679,22.13
7.646,21.94
7.65,23.135
7.495,22.895
7.536,23.025
7.667,23.22
7.56,24.355
7.642,25.415
7.641,25.835
7.697,24.63
7.706,24.575
7.721,24.135
7.706,23.7
7.6,23.805
7.378,23.085
7.289,22.965
7.381,22.515
7.384,22.59
7.695,21.98
7.656,22.09
7.498,22.55
7.438,22.465
7.448,22.375
7.501,23.605
7.501,23.885
7.544,24.06
7.723,24.41
7.724,24.24
7.737,23.74
7.817,24.295
7.83,23.94
7.828,23.795
7.794,23.53
7.699,23.63
7.893,24
7.943,23.975
8.001,24.15
8.115,24.53
8.11,24.34
8.22,24.495
8.005,23.675
8.159,24.35
8.366,24.76
8.565,25.185
8.41,24.9
8.346,24.9
8.35,25.05
8.174,24.52
8.029,22.1
7.924,21.93
8.192,22.095
8.268,22.995
8.327,22.775
8.496,22.845
8.47,22.915
8.265,22.44
8.445,22.835
8.554,23.33
8.55,23.715
8.579,23.82
8.662,23.845
8.824,23.665
8.898,23.675
8.835,23.425
8.742,23.725
8.588,23.245
8.43,23.305
8.463,23.215
8.384,22.925
8.143,22.77
8.154,23.38
7.926,23.065
8.106,23.155
8.409,23.3
8.409,23.3
8.409,23.3
8.413,23.76
8.322,23.86
8.458,24.055
8.239,24.03
8.152,24.185
8.523,24.575
8.379,25.205
8.379,25.205
8.274,25.02
8.157,25
8.399,24.94
8.414,25
8.64,25.19
8.551,25.71
8.789,26.22
8.755,26.39
8.749,26.6
8.57,26.44
8.482,26.055
8.613,26.5
8.575,26.2
8.619,26.075
8.668,26.13
8.646,26.04
8.787,26.3
9.059,26.24
9.084,25.91
9.036,25.925
9.099,25.5
9.011,25.535
8.95,24.89
9.066,25.13
9.108,24.93
9.159,25.225
9.129,24.905
9.123,25.4
9.084,24.925
9.14,24.91
9.1,24.675
9.148,24.58
9.245,24.56
9.358,24.785
9.3,24.865
9.377,24.895
9.329,24.39
9.23,24.815
9.052,24.33
9.032,23.78
9.041,23.94
9.129,24.015
9.267,24.185
9.331,24.085
9.424,24.705
9.319,24.59
9.216,24.345
8.985,23.77
9.045,23.83
8.87,23.175
8.963,23.1
8.926,23.275
8.805,23.315
9.157,23.23
9.087,22.905
9.15,22.975
9.12,22.58
9.333,22.9
9.318,23.065
9.235,23.9
8.909,23.49
8.885,23.86
8.942,24.06
8.629,23.745
8.275,22.995
8.376,22.36
8.214,22.255
8.17,22.605
8.118,22.685
8.219,22.6
8.222,23.165
8.37,23.98
8.256,23.91
8.338,24.235
8.465,24.2
8.44,23.57
8.594,24.14
8.72,24.19
8.6,24.32
8.583,23.835
8.734,23.79
8.83,23.91
8.847,24.27
8.908,24.225
8.834,23.885
8.845,23.66
8.91,23.89
8.977,23.72
8.987,24.105
8.991,24.2
9.047,24.45
9.116,24.39
9.087,24.25
9.079,24.305
9.055,24.86
9.018,24.45
8.871,24.42
8.785,24.075
8.811,24.095
8.934,24.165
8.996,24.31
8.8,24
8.682,23.54
8.614,22.9
8.389,22.53
8.523,22.505
8.47,22.37
8.193,22.455
8.02,21.78
7.855,21.115
7.855,21.115
7.833,21.385
7.874,20.96
7.673,20.585
7.701,20.345
7.174,19.605
7.025,19.54
7.186,19.83
6.952,19.6
7.07,19.435
7.239,19.965
7.131,19.79
7.325,20.595
7.436,20.62
7.581,21.05
7.565,20.86
7.344,20.555
7.398,21.02
7.283,21.875
7.287,22.045
7.741,22.265
7.788,22.05
7.639,21.935
7.743,22.275
7.774,22.585
7.592,22.355
7.689,22.66
7.664,22.59
7.613,22.3
7.586,22.66
7.584,22.37
7.626,22.545
7.725,23.605
7.855,24.195
7.94,24.05
8.132,24.485
8.105,24.11
8.075,24.065
8.07,24.3
7.877,24.375
7.878,24.135
7.878,23.7
7.89,24.17
8.15,24.455
8.391,24.065
8.523,24.39
8.555,23.895
8.399,23.545
8.508,23.53
8.513,23.735
8.35,23.045
8.217,22.31
8.323,22.705
8.383,22.775
8.6,23.19
8.623,22.95
8.688,23.195
8.748,23.375
8.748,23.375
8.748,23.375
8.748,23.375
8.78,23.165
8.845,22.915
8.845,22.915
8.845,22.915
8.889,22.675
8.701,22.4
8.48,22.87
8.606,23.195
8.888,24.125
8.774,23.755
8.858,24.17
8.956,23.99
8.991,23.805
9.081,24.32
9.114,24.465
9.271,24.82
9.333,25.4
9.333,26.28
9.353,26.73
9.535,27.1
9.773,27.4
9.558,27.44
9.85,27.845
9.999,28.07
9.977,28
9.865,27.98
10.035,28.195
10.05,27.85
10.05,28.25
10.08,28.145
9.786,27.86
10.015,27.81
10.105,28.06
10.25,28.73
10.055,28.675
10.065,28.365
9.984,27.895
10.25,28.815
10.11,28.85
10.235,28.515
10.345,28.855
10.375,28.755
10.395,28.8
10.43,28.715
10.345,28.825
10.375,28.95
10.33,28.435
10.495,28.475
10.75,28.75
10.745,28.735
10.825,29.235
11.045,29.055
11.28,29.66
10.95,31.87
11.185,31.515
11.305,32.84
11.205,31.855
11.02,32.14
11.06,30.975
11.175,31.13
11.26,30.59
11.285,30.355
10.91,30.22
10.75,29.93
10.83,30.345
11.285,30.725
11.13,30.41
11.1,30.51
11.195,30.96
11.195,30.96
11.195,30.96
11.475,31.395
11.395,31.45
11.535,32.125
11.805,32.57
11.92,32.37
11.91,32.12
11.735,32.385
11.565,31.89
11.235,30.755
11.5,31.08
11.68,31.47
11.685,31.47
11.41,30.755
11.42,31.395
11.72,32.175
11.37,31.245
10.83,29.23
10.58,29.32
10.58,29.32
11.02,30.415
10.755,29.98
10.975,29.97
11.275,29.97
11.4,31.38
11.43,31.97
11.37,30.08
11.21,29.195
11.345,29.55
11.39,28.73
11.57,29.44
11.75,30.59
11.835,30.35
11.845,30.5
11.675,30.385
